1	https://indiantrademart.com/directory/album-movies-commercial-ads/feature-films/art-house-festival-films	Art House Festival Films	Art House Festival Films Manufacturers & Suppliers | Indian Trade Mart	Discover verified Art House Festival Films manufacturers, suppliers, production companies and service providers in India. Compare services and connect with trusted businesses.	Art House Festival Films Manufacturers & Suppliers in India	html<br><link rel="canonical" href="https://indiantrademart.com/directory/album-movies-commercial-ads/feature-films/art-house-festival-films" />	Art House Festival Films, Festival Film Production, Independent Film Makers, Art Film Production, Feature Film Production, Film Production Companies India, Film Services, Movie Production, B2B Film Directory, Indian Trade Mart	CollectionPage, BreadcrumbList, ItemList, Organization, WebPage, FAQPage (if FAQs are available)
2	https://indiantrademart.com/directory/search/reso-dynamics/maharashtra/yavatmal/ner	Reso Dynamics – Ner, Yavatmal	Reso Dynamics in Ner, Yavatmal | Verified Supplier | Indian Trade Mart	Find Reso Dynamics in Ner, Yavatmal, Maharashtra. View verified business details, products, contact information and send direct enquiries through Indian Trade Mart.	Reso Dynamics – Verified Manufacturer & Supplier in Ner, Yavatmal	html<br><link rel="canonical" href="https://indiantrademart.com/directory/search/reso-dynamics/maharashtra/yavatmal/ner" />	Reso Dynamics, Reso Dynamics Ner, Reso Dynamics Yavatmal, Manufacturer in Ner, Supplier in Yavatmal, Industrial Supplier Maharashtra, Verified Business, B2B Marketplace India, Industrial Products, Indian Trade Mart	LocalBusiness, Organization, BreadcrumbList, WebPage, ContactPoint, PostalAddress, FAQPage
3	https://indiantrademart.com/directory/search/reso-dynamics/andhra-pradesh/anantapur/raptadu	Reso Dynamics – Raptadu	Reso Dynamics in Raptadu, Andhra Pradesh | Indian Trade Mart	Explore Reso Dynamics in Raptadu, Andhra Pradesh. Access verified supplier information, business profile, products and contact details on Indian Trade Mart.	Reso Dynamics – Verified Supplier in Raptadu, Andhra Pradesh	html<br><link rel="canonical" href="https://indiantrademart.com/directory/search/reso-dynamics/andhra-pradesh/anantapur/raptadu" />	Reso Dynamics, Reso Dynamics Raptadu, Reso Dynamics Anantapur, Manufacturer in Raptadu, Supplier in Anantapur, Industrial Supplier Andhra Pradesh, Verified Business Listing, B2B Marketplace, Industrial Products, Indian Trade Mart	LocalBusiness, Organization, BreadcrumbList, WebPage, ContactPoint, PostalAddress, FAQPage
4	https://indiantrademart.com/directory/search/reso-dynamics/chhattisgarh/janjgir-champa/champa	Reso Dynamics – Champa	Reso Dynamics in Champa, Chhattisgarh | Indian Trade Mart	Discover Reso Dynamics in Champa, Chhattisgarh. Browse verified business information, products, services and connect with trusted suppliers today.	Reso Dynamics – Verified Manufacturer & Supplier in Champa	html<br><link rel="canonical" href="https://indiantrademart.com/directory/search/reso-dynamics/chhattisgarh/janjgir-champa/champa" />	Reso Dynamics, Reso Dynamics Champa, Reso Dynamics Janjgir Champa, Manufacturer in Champa, Supplier in Chhattisgarh, Industrial Products, Verified Supplier India, B2B Directory, Business Listing, Indian Trade Mart	LocalBusiness, Organization, BreadcrumbList, WebPage, ContactPoint, PostalAddress, FAQPage
5	https://indiantrademart.com/directory/search/reso-dynamics/andhra-pradesh/tirupati/yerpedu	Reso Dynamics – Yerpedu	Reso Dynamics in Yerpedu, Tirupati | Verified Supplier	Find Reso Dynamics in Yerpedu, Tirupati. Explore verified company profile, products, business details and send enquiries directly through Indian Trade Mart.	Reso Dynamics – Verified Supplier in Yerpedu, Tirupati	html<br><link rel="canonical" href="https://indiantrademart.com/directory/search/reso-dynamics/andhra-pradesh/tirupati/yerpedu" />	Reso Dynamics, Reso Dynamics Yerpedu, Reso Dynamics Tirupati, Manufacturer in Yerpedu, Supplier in Tirupati, Industrial Supplier Andhra Pradesh, Verified Business, B2B Marketplace, Industrial Products, Indian Trade Mart	LocalBusiness, Organization, BreadcrumbList, WebPage, ContactPoint, PostalAddress, FAQPage
6	https://indiantrademart.com/directory/search/reso-dynamics/haryana/bhiwani/tosham	Reso Dynamics  - Tosham	Reso Dynamics in Tosham, Bhiwani | Verified Supplier | Indian Trade Mart	Discover Reso Dynamics in Tosham, Bhiwani, Haryana. Explore verified company profile, products, services and contact details on Indian Trade Mart.	Reso Dynamics – Verified Manufacturer & Supplier in Tosham, Bhiwani	html<br><link rel="canonical" href="https://indiantrademart.com/directory/search/reso-dynamics/haryana/bhiwani/tosham" />	Reso Dynamics, Reso Dynamics Tosham, Reso Dynamics Bhiwani, Manufacturer in Tosham, Supplier in Haryana, Industrial Products, Verified Business Haryana, B2B Supplier, Business Directory India, Indian Trade Mart	LocalBusiness, Organization, BreadcrumbList, WebPage, ContactPoint, PostalAddress, FAQPage
7	https://indiantrademart.com/directory/search/reso-dynamics/odisha/ganjam/khalikote	Reso Dynamics - Khalikote	Reso Dynamics in Khalikote, Ganjam | Verified Supplier | Indian Trade Mart	Connect with Reso Dynamics in Khalikote, Ganjam, Odisha. Browse verified business information, products and send direct enquiries online.	Reso Dynamics – Verified Manufacturer & Supplier in Khalikote, Ganjam	html<br><link rel="canonical" href="https://indiantrademart.com/directory/search/reso-dynamics/odisha/ganjam/khalikote" />	Reso Dynamics, Reso Dynamics Khalikote, Reso Dynamics Ganjam, Manufacturer in Khalikote, Supplier in Odisha, Industrial Supplier India, Verified Business, B2B Marketplace, Industrial Products, Indian Trade Mart	LocalBusiness, Organization, BreadcrumbList, WebPage, ContactPoint, PostalAddress, FAQPage
8	https://indiantrademart.com/directory/search/eagle-enterprises/chhattisgarh/surguja/lundra	Eagle Enterprises - Lundra	Eagle Enterprises in Lundra, Surguja | Verified Supplier | Indian Trade Mart	Find Eagle Enterprises in Lundra, Surguja, Chhattisgarh. View verified business profile, products, contact details and connect with trusted suppliers.	Eagle Enterprises – Verified Manufacturer & Supplier in Lundra, Surguja	html<br><link rel="canonical" href="https://indiantrademart.com/directory/search/eagle-enterprises/chhattisgarh/surguja/lundra" />	Eagle Enterprises, Eagle Enterprises Lundra, Eagle Enterprises Surguja, Manufacturer in Lundra, Supplier in Chhattisgarh, Verified Business, Industrial Products, B2B Marketplace India, Business Directory, Indian Trade Mart	LocalBusiness, Organization, BreadcrumbList, WebPage, ContactPoint, PostalAddress, FAQPage
9	https://indiantrademart.com/directory/search/reso-dynamics/andhra-pradesh/prakasam/kurichedu	Reso Dynamics -  Kurichedu	Reso Dynamics in Kurichedu, Prakasam | Verified Supplier | Indian Trade Mart	Explore Reso Dynamics in Kurichedu, Prakasam, Andhra Pradesh. Access verified supplier information, products, services and business contact details.	Reso Dynamics – Verified Manufacturer & Supplier in Kurichedu, Prakasam	html<br><link rel="canonical" href="https://indiantrademart.com/directory/search/reso-dynamics/andhra-pradesh/prakasam/kurichedu" />	Reso Dynamics, Reso Dynamics Kurichedu, Reso Dynamics Prakasam, Manufacturer in Kurichedu, Supplier in Andhra Pradesh, Industrial Products, Verified Business Listing, B2B Marketplace, Business Directory India, Indian Trade Mart	LocalBusiness, Organization, BreadcrumbList, WebPage, ContactPoint, PostalAddress, FAQPage
10	https://indiantrademart.com/directory/search/reso-dynamics/nagaland/zunheboto/suruhuto	Reso Dynamics - Suruhuto	Reso Dynamics in Suruhuto, Zunheboto | Verified Supplier | Indian Trade Mart	Discover Reso Dynamics in Suruhuto, Zunheboto, Nagaland. Browse verified business details, products and connect with trusted suppliers on Indian Trade Mart.	Reso Dynamics – Verified Manufacturer & Supplier in Suruhuto, Zunheboto	html<br><link rel="canonical" href="https://indiantrademart.com/directory/search/reso-dynamics/nagaland/zunheboto/suruhuto" />	Reso Dynamics, Reso Dynamics Suruhuto, Reso Dynamics Zunheboto, Manufacturer in Suruhuto, Supplier in Nagaland, Industrial Supplier India, Verified Business, B2B Marketplace, Industrial Products, Indian Trade Mart	LocalBusiness, Organization, BreadcrumbList, WebPage, ContactPoint, PostalAddress, FAQPage
11	https://indiantrademart.com/directory/industrial-supplies/industrial-pipe-and-tube-fittings/pipe-connectors/	Pipe Connectors	Pipe Connectors Manufacturers & Suppliers in India | Indian Trade Mart	Find verified Pipe Connector manufacturers, suppliers, exporters and wholesalers across India. Compare products, request quotes and connect with trusted businesses.	Pipe Connectors Manufacturers & Suppliers in India	html<br><link rel="canonical" href="https://indiantrademart.com/directory/industrial-supplies/industrial-pipe-and-tube-fittings/pipe-connectors/" />	Pipe Connectors, Pipe Connector Manufacturers, Pipe Connector Suppliers, Pipe Connector Exporters, Industrial Pipe Fittings, Tube Fittings, Pipe Connector Dealers, Industrial Supplies India, Wholesale Pipe Connectors, Indian Trade Mart	CollectionPage, ItemList, BreadcrumbList, WebPage, Organization, FAQPage
12	https://indiantrademart.com/directory/search/reso-dynamics/madhya-pradesh/khargone/maheshwar	Reso Dynamics – Maheshwar	Reso Dynamics in Maheshwar, Khargone | Verified Supplier | Indian Trade Mart	Find Reso Dynamics in Maheshwar, Khargone, Madhya Pradesh. Explore verified business profile, products, services and contact details.	Reso Dynamics – Verified Manufacturer & Supplier in Maheshwar, Khargone	html<br><link rel="canonical" href="https://indiantrademart.com/directory/search/reso-dynamics/madhya-pradesh/khargone/maheshwar" />	Reso Dynamics, Reso Dynamics Maheshwar, Reso Dynamics Khargone, Manufacturer in Maheshwar, Supplier in Khargone, Industrial Supplier MP, Verified Business, B2B Marketplace India, Industrial Products, Indian Trade Mart	LocalBusiness, Organization, BreadcrumbList, WebPage, ContactPoint, PostalAddress, FAQPage
13	https://indiantrademart.com/directory/search/towkart-technology-llp/haryana/charkhi-dadri/dadri	Towkart Technology LLP – Dadri	Towkart Technology LLP in Dadri | Verified Business | Indian Trade Mart	Discover Towkart Technology LLP in Dadri, Haryana. View verified business details, products, services and connect with trusted suppliers.	Towkart Technology LLP – Verified Business in Dadri, Haryana	html<br><link rel="canonical" href="https://indiantrademart.com/directory/search/towkart-technology-llp/haryana/charkhi-dadri/dadri" />	Towkart Technology LLP, Towkart Dadri, Technology Company Haryana, Verified Business Haryana, Industrial Solutions, Business Services India, B2B Supplier, Technology Provider, Business Directory India, Indian Trade Mart	LocalBusiness, Organization, BreadcrumbList, WebPage, ContactPoint, PostalAddress, FAQPage
14	https://indiantrademart.com/directory/media-pr-and-publishing/reference-books-and-study-material/study-guides/	Study Guides	Study Guides Manufacturers & Suppliers in India | Indian Trade Mart	Browse verified Study Guide manufacturers, publishers, suppliers and distributors in India. Compare products and connect with trusted businesses.	Study Guides Manufacturers & Suppliers in India	html<br><link rel="canonical" href="https://indiantrademart.com/directory/media-pr-and-publishing/reference-books-and-study-material/study-guides/" />	Study Guides, Study Guide Publishers, Study Guide Suppliers, Educational Books, Reference Books, Academic Study Material, Book Distributors India, Educational Publishers, Wholesale Study Guides, Indian Trade Mart	CollectionPage, ItemList, BreadcrumbList, WebPage, Organization, FAQPage
15	https://indiantrademart.com/directory/business-and-audit-services/start-up-services/company-registration-azerbaijan/	Company Registration Azerbaijan	Company Registration Azerbaijan Services | Indian Trade Mart	Connect with verified Company Registration consultants in Azerbaijan. Compare business setup services and request expert assistance.	Company Registration Services in Azerbaijan	html<br><link rel="canonical" href="https://indiantrademart.com/directory/business-and-audit-services/start-up-services/company-registration-azerbaijan/" />	Company Registration Azerbaijan, Business Registration Azerbaijan, Company Formation Azerbaijan, Startup Registration, Business Setup Services, Legal Registration Services, Business Consultants, International Business Setup, Corporate Registration, Indian Trade Mart	Service, CollectionPage, BreadcrumbList, WebPage, Organization, FAQPage
16	https://indiantrademart.com/directory/search/omxe-power-tools-marble-granite-tile-cutting-disc-125mm/chhattisgarh/bilaspur/takhatpur	OMXE Marble Granite Tile Cutting Disc	OMXE Marble Granite Tile Cutting Disc 125mm | Indian Trade Mart	Buy OMXE Marble Granite Tile Cutting Disc 125mm from verified suppliers. Compare specifications, prices and contact trusted sellers across India.	OMXE Marble Granite Tile Cutting Disc 125mm	html<br><link rel="canonical" href="https://indiantrademart.com/directory/search/omxe-power-tools-marble-granite-tile-cutting-disc-125mm/chhattisgarh/bilaspur/takhatpur" />	OMXE Cutting Disc, Marble Cutting Disc, Granite Cutting Disc, Tile Cutting Disc 125mm, Power Tool Accessories, Cutting Disc Suppliers, Industrial Power Tools, Abrasive Cutting Disc, Verified Supplier India, Indian Trade Mart	Product, Organization, BreadcrumbList, WebPage, Offer, FAQPage
17	https://indiantrademart.com/directory/electrical-equipment/fuses-circuit-breakers-and-components/mcb/	MCB Category	MCB Manufacturers, Suppliers & Dealers in India | Indian Trade Mart	Find verified MCB manufacturers, suppliers, wholesalers and exporters across India. Compare products and request the best quotations online.	MCB Manufacturers & Suppliers in India	html<br><link rel="canonical" href="https://indiantrademart.com/directory/electrical-equipment/fuses-circuit-breakers-and-components/mcb/" />	MCB, Miniature Circuit Breaker, MCB Manufacturers, MCB Suppliers, Electrical Components, Circuit Breakers, Electrical Equipment India, MCB Dealers, Electrical Products, Indian Trade Mart	CollectionPage, ItemList, BreadcrumbList, WebPage, Organization, FAQPage
18	https://indiantrademart.com/directory/search/reso-dynamics/madhya-pradesh/panna/pawai	Reso Dynamics – Pawai	Reso Dynamics in Pawai, Panna | Verified Supplier | Indian Trade Mart	Explore Reso Dynamics in Pawai, Panna, Madhya Pradesh. View verified business profile, products and contact details on Indian Trade Mart.	Reso Dynamics – Verified Manufacturer & Supplier in Pawai, Panna	html<br><link rel="canonical" href="https://indiantrademart.com/directory/search/reso-dynamics/madhya-pradesh/panna/pawai" />	Reso Dynamics, Reso Dynamics Pawai, Reso Dynamics Panna, Manufacturer in Pawai, Supplier in Panna, Industrial Products, Verified Supplier MP, B2B Marketplace India, Industrial Business, Indian Trade Mart	LocalBusiness, Organization, BreadcrumbList, WebPage, ContactPoint, PostalAddress, FAQPage
19	https://indiantrademart.com/directory/search/reso-dynamics/nagaland/tuensang/chare	Reso Dynamics – Chare	Reso Dynamics in Chare, Tuensang | Verified Supplier | Indian Trade Mart	Discover Reso Dynamics in Chare, Tuensang, Nagaland. Browse verified business details, products and connect with trusted suppliers.	Reso Dynamics – Verified Manufacturer & Supplier in Chare, Tuensang	html<br><link rel="canonical" href="https://indiantrademart.com/directory/search/reso-dynamics/nagaland/tuensang/chare" />	Reso Dynamics, Reso Dynamics Chare, Reso Dynamics Tuensang, Manufacturer Nagaland, Supplier Nagaland, Industrial Supplier India, Verified Business Listing, B2B Directory India, Industrial Products, Indian Trade Mart	LocalBusiness, Organization, BreadcrumbList, WebPage, ContactPoint, PostalAddress, FAQPage
20	https://indiantrademart.com/directory/search/renovating-demolition/odisha/khordha/jankia	Renovating & Demolition Services – Jankia	Renovating & Demolition Services in Jankia | Indian Trade Mart	Find trusted Renovating and Demolition service providers in Jankia, Khordha, Odisha. Compare verified businesses and request service quotations.	Renovating & Demolition Services in Jankia, Khordha	html<br><link rel="canonical" href="https://indiantrademart.com/directory/search/renovating-demolition/odisha/khordha/jankia" />	Renovating Services, Demolition Services, Building Demolition, House Renovation, Commercial Renovation, Demolition Contractors, Construction Services Odisha, Renovation Contractors, Building Services India, Indian Trade Mart	Service, LocalBusiness, BreadcrumbList, WebPage, Organization, ContactPoint, FAQPage
21	https://indiantrademart.com/directory/search/uniforms/andhra-pradesh/chittoor/gangavaram		Uniform Suppliers in Gangavaram, Chittoor | Indian Trade Mart	Find verified uniform manufacturers, wholesalers, and suppliers in Gangavaram, Chittoor. Compare businesses, products, and contact details.	Uniform Suppliers in Gangavaram, Chittoor	<link rel="canonical" href="https://indiantrademart.com/directory/search/uniforms/andhra-pradesh/chittoor/gangavaram" />	uniform suppliers Gangavaram, school uniforms, industrial uniforms, uniform manufacturers Chittoor	LocalBusiness, BreadcrumbList, CollectionPage, Organization
22	https://indiantrademart.com/directory/search/reso-dynamics/madhya-pradesh/khargone/kasrawad		Reso Dynamics in Kasrawad, Khargone | Indian Trade Mart	Connect with verified Reso Dynamics business in Kasrawad, Khargone. View company profile, products, services, and contact information.	Reso Dynamics in Kasrawad, Khargone	<link rel="canonical" href="https://indiantrademart.com/directory/search/reso-dynamics/madhya-pradesh/khargone/kasrawad" />	Reso Dynamics Kasrawad, industrial supplier, business listing, Khargone supplier	LocalBusiness, BreadcrumbList, Organization
23	https://indiantrademart.com/directory/search/ganesh-packers-and-movers/maharashtra/ahmadnagar/jamkhed		Ganesh Packers and Movers Jamkhed | Indian Trade Mart	Find trusted Ganesh Packers and Movers in Jamkhed, Maharashtra. Get reliable packing, moving, relocation, and transportation services.	Ganesh Packers and Movers in Jamkhed	<link rel="canonical" href="https://indiantrademart.com/directory/search/ganesh-packers-and-movers/maharashtra/ahmadnagar/jamkhed" />	packers and movers Jamkhed, relocation services, transport company Maharashtra	LocalBusiness, Service, BreadcrumbList, Organization
24	https://indiantrademart.com/product/padma-handcrafted-coin-earrings		Padma Handcrafted Coin Earrings | Buy Online	Buy Padma handcrafted coin earrings featuring premium craftsmanship and elegant design. View specifications, price, and supplier details.	Padma Handcrafted Coin Earrings	<link rel="canonical" href="https://indiantrademart.com/product/padma-handcrafted-coin-earrings" />	handcrafted earrings, coin earrings, designer jewelry, handmade earrings India	Product, Offer, AggregateRating, BreadcrumbList, Organization
25	https://indiantrademart.com/directory/search/reso-dynamics/andhra-pradesh/srikakulam/sompeta		Reso Dynamics in Sompeta, Srikakulam | Indian Trade Mart	Discover verified Reso Dynamics business in Sompeta, Srikakulam. View products, services, business profile, and contact details.	Reso Dynamics in Sompeta, Srikakulam	<link rel="canonical" href="https://indiantrademart.com/directory/search/reso-dynamics/andhra-pradesh/srikakulam/sompeta" />	Reso Dynamics Sompeta, supplier Andhra Pradesh, industrial company	LocalBusiness, BreadcrumbList, Organization
26	https://indiantrademart.com/product/structural-design-consultant		Structural Design Consultant Services | Indian Trade Mart	Hire experienced structural design consultants for commercial, residential, and industrial projects. Request quotes from verified experts.	Structural Design Consultant Services	<link rel="canonical" href="https://indiantrademart.com/product/structural-design-consultant" />	structural consultant, structural engineering services, building design consultant	Product, Service, Offer, FAQPage, BreadcrumbList
27	https://indiantrademart.com/directory/kitchen-utensils-and-appliances/dinnerware-and-serving-utensils/serving-basket/		Serving Basket Manufacturers & Suppliers India	Explore serving basket manufacturers, suppliers, exporters, and wholesalers across India. Compare products and request business quotes.	Serving Basket Manufacturers & Suppliers	<link rel="canonical" href="https://indiantrademart.com/directory/kitchen-utensils-and-appliances/dinnerware-and-serving-utensils/serving-basket/" />	serving basket, serving basket manufacturers India, kitchen serving basket	CollectionPage, ItemList, BreadcrumbList, Organization
28	https://indiantrademart.com/directory/search/succession-certificate-in-india/jammu-and-kashmir/india/jammu-and-kashmir-kathua		Succession Certificate Services in Kathua | ITM	Find trusted succession certificate consultants and legal experts in Kathua, Jammu & Kashmir. Get professional legal assistance today.	Succession Certificate Services in Kathua	<link rel="canonical" href="https://indiantrademart.com/directory/search/succession-certificate-in-india/jammu-and-kashmir/india/jammu-and-kashmir-kathua" />	succession certificate Kathua, legal services Kathua, inheritance certificate	Service, LocalBusiness, FAQPage, BreadcrumbList
29	https://indiantrademart.com/directory/search/reso-dynamics/maharashtra/aurangabad/phulambri		Reso Dynamics in Phulambri, Aurangabad | ITM	Browse verified Reso Dynamics business listings in Phulambri, Aurangabad. View products, company profile, and contact details.	Reso Dynamics in Phulambri, Aurangabad	<link rel="canonical" href="https://indiantrademart.com/directory/search/reso-dynamics/maharashtra/aurangabad/phulambri" />	Reso Dynamics Aurangabad, industrial supplier Maharashtra	LocalBusiness, BreadcrumbList, Organization
30	https://indiantrademart.com/directory/search/reso-dynamics/goa/south-goa/raia		Reso Dynamics in Raia, South Goa | Indian Trade Mart	Find verified Reso Dynamics supplier in Raia, South Goa. Explore products, services, company information, and contact details.	Reso Dynamics in Raia, South Goa	<link rel="canonical" href="https://indiantrademart.com/directory/search/reso-dynamics/goa/south-goa/raia" />	Reso Dynamics Goa, industrial supplier Goa, business listing Raia	LocalBusiness, BreadcrumbList, Organization
31	https://indiantrademart.com/directory/industrial-plants-and-machinery/cleaning-machines-and-equipments/fruit-and-vegetable-washer		Fruit & Vegetable Washer Manufacturers & Suppliers | Indian Trade Mart	Find verified Fruit & Vegetable Washer manufacturers, suppliers, exporters, and wholesalers across India. Compare products and request quotes.	Fruit & Vegetable Washer Manufacturers & Suppliers in India	<link rel="canonical" href="https://indiantrademart.com/directory/industrial-plants-and-machinery/cleaning-machines-and-equipments/fruit-and-vegetable-washer" />	fruit & vegetable washer, fruit washer machine, vegetable washing machine, food processing equipment, fruit washing equipment, industrial washer, vegetable washer manufacturers, fruit washer suppliers, India	
32	https://indiantrademart.com/directory/industrial-plants-and-machinery/cleaning-machines-and-equipments/fruit-and-vegetable-washer/		Fruit & Vegetable Washer Manufacturers & Suppliers | Indian Trade Mart	Browse trusted Fruit & Vegetable Washer manufacturers, exporters, and suppliers across India. Compare products and connect with verified businesses.	Fruit & Vegetable Washer Manufacturers & Suppliers in India	<link rel="canonical" href="https://indiantrademart.com/directory/industrial-plants-and-machinery/cleaning-machines-and-equipments/fruit-and-vegetable-washer/" />	fruit & vegetable washer, vegetable cleaning machine, fruit washing equipment, industrial food processing machine, vegetable washer suppliers, India	
33	https://indiantrademart.com/directory/search/reso-dynamics/maharashtra/gadchiroli/sironcha		Reso Dynamics in Sironcha, Gadchiroli | Indian Trade Mart	Find verified Reso Dynamics in Sironcha, Gadchiroli, Maharashtra. View business profile, products, services, and contact information.	Reso Dynamics – Verified Manufacturer & Supplier in Sironcha, Gadchiroli	<link rel="canonical" href="https://indiantrademart.com/directory/search/reso-dynamics/maharashtra/gadchiroli/sironcha" />	Reso Dynamics Sironcha, Reso Dynamics Gadchiroli, industrial supplier Maharashtra, verified supplier Sironcha, business listing Maharashtra	
34	https://indiantrademart.com/directory/search/reso-dynamics/karnataka/udupi/kundapura		Reso Dynamics in Kundapura, Udupi | Indian Trade Mart	Explore verified Reso Dynamics in Kundapura, Udupi. Discover products, services, and business details from trusted suppliers.	Reso Dynamics – Verified Manufacturer & Supplier in Kundapura, Udupi	<link rel="canonical" href="https://indiantrademart.com/directory/search/reso-dynamics/karnataka/udupi/kundapura" />	Reso Dynamics Kundapura, Reso Dynamics Udupi, industrial supplier Karnataka, verified business Kundapura, manufacturers Karnataka	
35	https://indiantrademart.com/directory/search/transparent-bopp-tape-50-mm-36-micron/andhra-pradesh/eluru/kamavarapukota		Transparent BOPP Tape 50mm 36 Micron Suppliers | ITM	Find verified Transparent BOPP Tape 50mm 36 Micron manufacturers and suppliers in Kamavarapukota, Andhra Pradesh. Request bulk quotes today.	Transparent BOPP Tape 50mm 36 Micron Suppliers in Kamavarapukota	<link rel="canonical" href="https://indiantrademart.com/directory/search/transparent-bopp-tape-50-mm-36-micron/andhra-pradesh/eluru/kamavarapukota" />	transparent BOPP tape, 50mm BOPP tape, 36 micron tape, packaging tape suppliers, adhesive tape manufacturers, BOPP tape Andhra Pradesh	
36	https://indiantrademart.com/directory/chemicals-dyes-and-solvents/textile-dyeing-and-finishing-chemical/textile-softeners		Textile Softeners Manufacturers & Suppliers | Indian Trade Mart	Discover verified Textile Softener manufacturers, suppliers, exporters, and wholesalers across India. Compare products and request quotations.	Textile Softeners Manufacturers & Suppliers in India	<link rel="canonical" href="https://indiantrademart.com/directory/chemicals-dyes-and-solvents/textile-dyeing-and-finishing-chemical/textile-softeners" />	textile softeners, textile finishing chemicals, fabric softener manufacturers, textile chemicals suppliers, textile auxiliaries India	
37	https://indiantrademart.com/directory/chemicals-dyes-and-solvents/textile-dyeing-and-finishing-chemical/textile-softeners/		Textile Softeners Manufacturers & Suppliers | Indian Trade Mart	Browse trusted Textile Softener manufacturers and exporters across India. Find quality products and connect with verified businesses.	Textile Softeners Manufacturers & Suppliers in India	<link rel="canonical" href="https://indiantrademart.com/directory/chemicals-dyes-and-solvents/textile-dyeing-and-finishing-chemical/textile-softeners/" />	textile softeners, textile chemicals, finishing chemicals, fabric softener suppliers, textile auxiliary chemicals India	
38	https://indiantrademart.com/directory/search/ganesh-packers-and-movers/kerala/india/alappuzha		Ganesh Packers and Movers Alappuzha | Indian Trade Mart	Connect with trusted Ganesh Packers and Movers in Alappuzha, Kerala. Get reliable packing, relocation, and transportation services.	Ganesh Packers and Movers in Alappuzha, Kerala	<link rel="canonical" href="https://indiantrademart.com/directory/search/ganesh-packers-and-movers/kerala/india/alappuzha" />	Ganesh Packers and Movers, packers and movers Alappuzha, relocation services Kerala, household shifting, office relocation, transport services	
39	https://indiantrademart.com/directory/vendor/notion-pharma-private-limited		Notion Pharma Private Limited | Verified Supplier | ITM	View the company profile of Notion Pharma Private Limited. Explore products, business details, certifications, and contact information.	Notion Pharma Private Limited	<link rel="canonical" href="https://indiantrademart.com/directory/vendor/notion-pharma-private-limited" />	Notion Pharma Private Limited, pharmaceutical company India, pharma manufacturer, medicine supplier, healthcare products, pharma exporter	
40	https://indiantrademart.com/directory/industrial-supplies/stained-etched-and-laminated-glass/toughened-glass		Toughened Glass Manufacturers & Suppliers | Indian Trade Mart	Find verified Toughened Glass manufacturers, suppliers, exporters, and wholesalers across India. Compare products and request quotes.	Toughened Glass Manufacturers & Suppliers in India	<link rel="canonical" href="https://indiantrademart.com/directory/industrial-supplies/stained-etched-and-laminated-glass/toughened-glass" />	toughened glass, tempered glass, safety glass manufacturers, laminated glass suppliers, architectural glass, industrial glass, glass manufacturers India	
41	https://indiantrademart.com/directory/industrial-supplies/stained-etched-and-laminated-glass/toughened-glass/		Toughened Glass Manufacturers & Suppliers in India	Find verified Toughened Glass manufacturers, suppliers, exporters, and wholesalers across India. Compare products, prices, and connect with trusted businesses on Indian Trade Mart.	Toughened Glass Manufacturers & Suppliers in India	<link rel="canonical" href="https://indiantrademart.com/directory/industrial-supplies/stained-etched-and-laminated-glass/toughened-glass/" />	Toughened Glass, Toughened Glass Manufacturers, Toughened Glass Suppliers, Toughened Glass Exporters, Toughened Glass India	
42	https://indiantrademart.com/directory/search/reso-dynamics/andhra-pradesh/kurnool/kallur		Reso Dynamics Suppliers in Kallur, Kurnool	Find verified Reso Dynamics suppliers, manufacturers, and dealers in Kallur, Kurnool, Andhra Pradesh. Connect with trusted businesses today.	Reso Dynamics Suppliers in Kallur, Kurnool	<link rel="canonical" href="https://indiantrademart.com/directory/search/reso-dynamics/andhra-pradesh/kurnool/kallur" />	Reso Dynamics, Reso Dynamics Kallur, Kurnool Suppliers, Andhra Pradesh Manufacturers	
43	https://indiantrademart.com/directory/search/reso-dynamics/andhra-pradesh/chittoor/gudupalle		Reso Dynamics Suppliers in Gudupalle, Chittoor	Explore verified Reso Dynamics suppliers and manufacturers in Gudupalle, Chittoor, Andhra Pradesh. Compare products and contact businesses.	Reso Dynamics Suppliers in Gudupalle, Chittoor	<link rel="canonical" href="https://indiantrademart.com/directory/search/reso-dynamics/andhra-pradesh/chittoor/gudupalle" />	Reso Dynamics Gudupalle, Chittoor Suppliers, Reso Dynamics Andhra Pradesh, Industrial Suppliers	
44	https://indiantrademart.com/directory/search/reso-dynamics/andhra-pradesh/kurnool/kosigi		Reso Dynamics Suppliers in Kosigi, Kurnool	Browse trusted Reso Dynamics manufacturers and suppliers in Kosigi, Kurnool, Andhra Pradesh. Find verified business listings easily.	Reso Dynamics Suppliers in Kosigi, Kurnool	<link rel="canonical" href="https://indiantrademart.com/directory/search/reso-dynamics/andhra-pradesh/kurnool/kosigi" />	Reso Dynamics Kosigi, Reso Dynamics Kurnool, Industrial Suppliers Andhra Pradesh	
45	https://indiantrademart.com/directory/search/reso-dynamics/andhra-pradesh/east-godavari/anaparthy		Reso Dynamics Suppliers in Anaparthy, East Godavari	Discover verified Reso Dynamics suppliers in Anaparthy, East Godavari. View company profiles, products, and contact details.	Reso Dynamics Suppliers in Anaparthy, East Godavari	<link rel="canonical" href="https://indiantrademart.com/directory/search/reso-dynamics/andhra-pradesh/east-godavari/anaparthy" />	Reso Dynamics Anaparthy, East Godavari Suppliers, Andhra Pradesh Industrial Suppliers	
46	https://indiantrademart.com/directory/handicrafts-and-decoratives/mirrors-and-glassware/glass-craft		Glass Craft Manufacturers & Suppliers in India	Find trusted Glass Craft manufacturers, suppliers, exporters, and wholesalers in India. Compare products and connect with verified businesses.	Glass Craft Manufacturers & Suppliers in India	<link rel="canonical" href="https://indiantrademart.com/directory/handicrafts-and-decoratives/mirrors-and-glassware/glass-craft/" />	Glass Craft, Glass Craft Manufacturers, Glass Craft Suppliers, Decorative Glass Craft, Glass Handicrafts	
47	https://indiantrademart.com/directory/search/succession-certificate-in-india/nagaland/phek/chetheba		Succession Certificate Services in Chetheba, Phek	Find trusted professionals offering Succession Certificate services in Chetheba, Phek, Nagaland. Connect with verified legal experts today.	Succession Certificate Services in Chetheba, Phek	<link rel="canonical" href="https://indiantrademart.com/directory/search/succession-certificate-in-india/nagaland/phek/chetheba" />	Succession Certificate, Succession Certificate Chetheba, Legal Services Nagaland, Succession Certificate India	
48	https://indiantrademart.com/directory/search/reso-dynamics/andhra-pradesh/bapatla/janakavarampanguluru		Reso Dynamics Suppliers in Janakavarampanguluru	Explore verified Reso Dynamics suppliers in Janakavarampanguluru, Bapatla, Andhra Pradesh. Compare products and connect with trusted businesses.	Reso Dynamics Suppliers in Janakavarampanguluru	<link rel="canonical" href="https://indiantrademart.com/directory/search/reso-dynamics/andhra-pradesh/bapatla/janakavarampanguluru" />	Reso Dynamics Janakavarampanguluru, Bapatla Suppliers, Andhra Pradesh Manufacturers	
49	https://indiantrademart.com/directory/search/transparent-bopp-tape-50-mm-36-micron/gujarat/india/gujarat-mahesana		Transparent BOPP Tape 50 MM 36 Micron in Mahesana	Find verified Transparent BOPP Tape 50 MM 36 Micron manufacturers, suppliers, and dealers in Mahesana, Gujarat. Compare products and prices.	Transparent BOPP Tape 50 MM 36 Micron Suppliers in Mahesana	<link rel="canonical" href="https://indiantrademart.com/directory/search/transparent-bopp-tape-50-mm-36-micron/gujarat/india/gujarat-mahesana" />	Transparent BOPP Tape, 50 MM BOPP Tape, 36 Micron BOPP Tape, Packing Tape Manufacturers, Gujarat BOPP Tape Suppliers	
50	https://indiantrademart.com/directory/search/reso-dynamics/andhra-pradesh/india/andhra-pradesh-anakapalli		Reso Dynamics Suppliers in Anakapalli, Andhra Pradesh	Find verified Reso Dynamics suppliers, manufacturers, dealers, and service providers in Anakapalli, Andhra Pradesh. Compare businesses and connect with trusted companies on Indian Trade Mart.	Reso Dynamics Suppliers in Anakapalli, Andhra Pradesh	html<br><link rel="canonical" href="https://indiantrademart.com/directory/search/reso-dynamics/andhra-pradesh/india/andhra-pradesh-anakapalli" /><br>	Reso Dynamics, Reso Dynamics Anakapalli, Reso Dynamics Andhra Pradesh, Reso Dynamics Suppliers, Reso Dynamics Manufacturers, Industrial Suppliers Anakapalli, Andhra Pradesh Businesses, Indian Trade Mart	
51	https://indiantrademart.com/directory/vendor/aditya-kumar-pvt1		Aditya Kumar Pvt1 Verified Vendor | Indian Trade Mart	Connect with Aditya Kumar Pvt1, a verified business on Indian Trade Mart. View company profile, products, services, and contact details.	Aditya Kumar Pvt1 – Verified Business Vendor	<link rel="canonical" href="https://indiantrademart.com/directory/vendor/aditya-kumar-pvt1" />	Aditya Kumar Pvt1, verified vendor, business supplier India, B2B marketplace, Indian Trade Mart, manufacturer, exporter, supplier	
52	https://indiantrademart.com/directory/search/surie-polex-magnesite-abrasives/punjab/barnala/tapa		Surie Polex Magnesite Abrasives in Tapa | ITM	Find verified Surie Polex Magnesite Abrasives in Tapa, Barnala, Punjab. View business profile, products, services, and contact details.	Surie Polex Magnesite Abrasives in Tapa, Barnala	<link rel="canonical" href="https://indiantrademart.com/directory/search/surie-polex-magnesite-abrasives/punjab/barnala/tapa" />	Surie Polex Magnesite Abrasives, Tapa, Barnala, Punjab supplier, abrasives manufacturer, industrial abrasives, verified business	
53	https://indiantrademart.com/directory/search/reso-dynamics/chhattisgarh/gariaband/rajim		Reso Dynamics in Rajim | Indian Trade Mart	Discover verified Reso Dynamics business in Rajim, Gariaband. Browse products, services, and connect with trusted suppliers.	Reso Dynamics – Verified Business in Rajim	<link rel="canonical" href="https://indiantrademart.com/directory/search/reso-dynamics/chhattisgarh/gariaband/rajim" />	Reso Dynamics Rajim, Gariaband supplier, industrial supplier Chhattisgarh, verified business, Indian Trade Mart	
54	https://indiantrademart.com/directory/industrial-supplies/industrial-valves-and-valve-fittings/butterfly-valves		Butterfly Valve Manufacturers & Suppliers India	Browse verified butterfly valve manufacturers, suppliers, exporters, and wholesalers across India. Compare products and request quotes.	Butterfly Valve Manufacturers & Suppliers in India	<link rel="canonical" href="https://indiantrademart.com/directory/industrial-supplies/industrial-valves-and-valve-fittings/butterfly-valves" />	butterfly valve manufacturers, butterfly valve suppliers, industrial valves India, valve fittings, butterfly valve exporters, B2B marketplace	
55	https://indiantrademart.com/directory/industrial-supplies/industrial-valves-and-valve-fittings/butterfly-valves/		Butterfly Valve Manufacturers & Suppliers India	Find trusted butterfly valve manufacturers, exporters, and suppliers across India. Compare products and connect with verified businesses.	Butterfly Valve Manufacturers & Suppliers in India	<link rel="canonical" href="https://indiantrademart.com/directory/industrial-supplies/industrial-valves-and-valve-fittings/butterfly-valves/" />	butterfly valves, industrial valve suppliers, valve manufacturers India, butterfly valve exporters, industrial fittings	
56	https://indiantrademart.com/directory/business-and-audit-services/regulatory/nbfc-takeover/delhi/south-delhi		NBFC Takeover Consultants in South Delhi | ITM	Connect with trusted NBFC takeover consultants in South Delhi. Compare regulatory experts, advisory services, and request professional consultation.	NBFC Takeover Consultants in South Delhi	<link rel="canonical" href="https://indiantrademart.com/directory/business-and-audit-services/regulatory/nbfc-takeover/delhi/south-delhi" />	NBFC takeover consultants, South Delhi, NBFC advisory services, RBI compliance, regulatory consultants, financial consultants	
57	https://indiantrademart.com/directory/search/reso-dynamics/arunachal-pradesh/namsai/chongkham		Reso Dynamics in Chongkham | Indian Trade Mart	Explore verified Reso Dynamics business in Chongkham, Namsai. View products, company information, and contact details.	Reso Dynamics – Verified Business in Chongkham	<link rel="canonical" href="https://indiantrademart.com/directory/search/reso-dynamics/arunachal-pradesh/namsai/chongkham" />	Reso Dynamics Chongkham, Namsai supplier, Arunachal Pradesh business, industrial supplier, verified manufacturer	
58	https://indiantrademart.com/directory/search/reso-dynamics/chhattisgarh/manendragarh-chirmiri-bharatpur-mcb/bharatpur		Reso Dynamics in Bharatpur | Indian Trade Mart	Find verified Reso Dynamics supplier in Bharatpur, Chhattisgarh. Browse products, services, and connect with trusted businesses.	Reso Dynamics – Verified Business in Bharatpur	<link rel="canonical" href="https://indiantrademart.com/directory/search/reso-dynamics/chhattisgarh/manendragarh-chirmiri-bharatpur-mcb/bharatpur" />	Reso Dynamics Bharatpur, industrial supplier Bharatpur, Chhattisgarh manufacturers, verified business listing	
59	https://indiantrademart.com/directory/search/reso-dynamics/arunachal-pradesh/longding/pumao		Reso Dynamics in Pumao | Indian Trade Mart	Discover Reso Dynamics business in Pumao, Longding. View verified business profile, services, products, and contact details.	Reso Dynamics – Verified Business in Pumao	<link rel="canonical" href="https://indiantrademart.com/directory/search/reso-dynamics/arunachal-pradesh/longding/pumao" />	Reso Dynamics Pumao, Longding supplier, Arunachal Pradesh industrial supplier, B2B marketplace India	
60	https://indiantrademart.com/directory/search/reso-dynamics/maharashtra/akola/telhara		Reso Dynamics in Telhara | Indian Trade Mart	Connect with verified Reso Dynamics supplier in Telhara, Akola. Compare products, services, and business information.	Reso Dynamics – Verified Business in Telhara	<link rel="canonical" href="https://indiantrademart.com/directory/search/reso-dynamics/maharashtra/akola/telhara" />	Reso Dynamics Telhara, Akola supplier, Maharashtra industrial supplier, verified business, B2B marketplace	
61	https://indiantrademart.com/directory/search/niharika-enterprises/andhra-pradesh/east-godavari/nidadavole		Niharika Enterprises in Nidadavole | Indian Trade Mart	Find verified Niharika Enterprises in Nidadavole, East Godavari. View business profile, products, services, and contact information.	Niharika Enterprises – Verified Business in Nidadavole, East Godavari	<link rel="canonical" href="https://indiantrademart.com/directory/search/niharika-enterprises/andhra-pradesh/east-godavari/nidadavole" />	Niharika Enterprises Nidadavole, Niharika Enterprises East Godavari, verified business Nidadavole, suppliers in East Godavari, Andhra Pradesh business directory, Indian Trade Mart	
62	https://indiantrademart.com/directory/search/reso-dynamics/maharashtra/yavatmal/digras		Reso Dynamics in Digras | Indian Trade Mart	Find verified Reso Dynamics in Digras, Yavatmal. Explore company profile, products, services, and contact details.	Reso Dynamics – Verified Manufacturer & Supplier in Digras, Yavatmal	<link rel="canonical" href="https://indiantrademart.com/directory/search/reso-dynamics/maharashtra/yavatmal/digras" />	Reso Dynamics Digras, Reso Dynamics Yavatmal, industrial supplier Maharashtra, verified manufacturers Digras, business directory Maharashtra, Indian Trade Mart	
63	https://indiantrademart.com/directory/search/reso-dynamics/andhra-pradesh/west-godavari/attili		Reso Dynamics in Attili | Indian Trade Mart	Browse verified Reso Dynamics in Attili, West Godavari. Discover products, services, and business contact details.	Reso Dynamics – Verified Supplier in Attili, West Godavari	<link rel="canonical" href="https://indiantrademart.com/directory/search/reso-dynamics/andhra-pradesh/west-godavari/attili" />	Reso Dynamics Attili, Reso Dynamics West Godavari, industrial suppliers Attili, Andhra Pradesh manufacturers, verified business listing, Indian Trade Mart	
64	https://indiantrademart.com/directory/search/niharika-enterprises/karnataka/bangalore/bangalore-east		Niharika Enterprises Bangalore East | Indian Trade Mart	Discover verified Niharika Enterprises in Bangalore East. View products, business profile, and connect with trusted suppliers.	Niharika Enterprises – Verified Business in Bangalore East	<link rel="canonical" href="https://indiantrademart.com/directory/search/niharika-enterprises/karnataka/bangalore/bangalore-east" />	Niharika Enterprises Bangalore East, Bangalore suppliers, Karnataka business directory, verified businesses Bangalore, Indian Trade Mart	
65	https://indiantrademart.com/directory/search/omxe-power-tools-marble-granite-tile-cutting-disc-125mm/arunachal-pradesh/india/kameng		OMXE Marble Granite Tile Cutting Disc 125mm | ITM	Buy OMXE Marble Granite Tile Cutting Disc 125mm from verified suppliers in Kameng. Compare products, prices, and request quotes.	OMXE Marble Granite Tile Cutting Disc 125mm Suppliers in Kameng	<link rel="canonical" href="https://indiantrademart.com/directory/search/omxe-power-tools-marble-granite-tile-cutting-disc-125mm/arunachal-pradesh/india/kameng" />	OMXE tile cutting disc 125mm, marble cutting disc, granite cutting disc, power tools Kameng, cutting disc suppliers India, Indian Trade Mart	
66	https://indiantrademart.com/directory/search/reso-dynamics/madhya-pradesh/satna/ramnagar		Reso Dynamics in Ramnagar | Indian Trade Mart	Find verified Reso Dynamics in Ramnagar, Satna. Explore business profile, industrial products, and contact information.	Reso Dynamics – Verified Supplier in Ramnagar, Satna	<link rel="canonical" href="https://indiantrademart.com/directory/search/reso-dynamics/madhya-pradesh/satna/ramnagar" />	Reso Dynamics Ramnagar, Reso Dynamics Satna, industrial supplier Madhya Pradesh, verified business Satna, Indian Trade Mart	
67	https://indiantrademart.com/directory/search/reso-dynamics/andhra-pradesh/chittoor/pulicherla		Reso Dynamics in Pulicherla | Indian Trade Mart	Connect with verified Reso Dynamics in Pulicherla, Chittoor. Browse products, company information, and business contact details.	Reso Dynamics – Verified Manufacturer in Pulicherla, Chittoor	<link rel="canonical" href="https://indiantrademart.com/directory/search/reso-dynamics/andhra-pradesh/chittoor/pulicherla" />	Reso Dynamics Pulicherla, Chittoor manufacturers, Andhra Pradesh suppliers, industrial business Pulicherla, Indian Trade Mart	
68	https://indiantrademart.com/directory/search/adnic-abrasive/gujarat/panch-mahals/godhra		Adnic Abrasive in Godhra | Indian Trade Mart	Find verified Adnic Abrasive in Godhra, Gujarat. Explore abrasive products, company profile, and connect with trusted suppliers.	Adnic Abrasive – Verified Supplier in Godhra, Gujarat	<link rel="canonical" href="https://indiantrademart.com/directory/search/adnic-abrasive/gujarat/panch-mahals/godhra" />	Adnic Abrasive Godhra, abrasive suppliers Gujarat, industrial abrasives Godhra, Panch Mahals business directory, Indian Trade Mart	
69	https://indiantrademart.com/directory/search/reso-dynamics/andhra-pradesh/anakapalli/makavarapalem		Reso Dynamics in Makavarapalem | Indian Trade Mart	Browse verified Reso Dynamics in Makavarapalem, Anakapalli. View industrial products, services, and business contact details.	Reso Dynamics – Verified Supplier in Makavarapalem, Anakapalli	<link rel="canonical" href="https://indiantrademart.com/directory/search/reso-dynamics/andhra-pradesh/anakapalli/makavarapalem" />	Reso Dynamics Makavarapalem, Anakapalli manufacturers, Andhra Pradesh industrial suppliers, verified business listing, Indian Trade Mart	
70	https://indiantrademart.com/directory/search/reso-dynamics/andhra-pradesh/anantapur/kambadur		Reso Dynamics in Kambadur | Indian Trade Mart	Find verified Reso Dynamics in Kambadur, Anantapur. Compare products, services, and connect with trusted industrial suppliers.	Reso Dynamics – Verified Manufacturer in Kambadur, Anantapur	<link rel="canonical" href="https://indiantrademart.com/directory/search/reso-dynamics/andhra-pradesh/anantapur/kambadur" />	Reso Dynamics Kambadur, Reso Dynamics Anantapur, industrial suppliers Andhra Pradesh, verified manufacturers Kambadur, Indian Trade Mart	
71	https://indiantrademart.com/directory/furniture-and-supplies/office-and-commercial-furniture/school-and-college-chair		School & College Chair Manufacturers & Suppliers | Indian Trade Mart	Find verified school and college chair manufacturers, suppliers, wholesalers, and exporters in India. Compare products and request quotes.	School & College Chair Manufacturers & Suppliers in India	<link rel="canonical" href="https://indiantrademart.com/directory/furniture-and-supplies/office-and-commercial-furniture/school-and-college-chair" />	school & college chair, school furniture, classroom chair, college chair manufacturers, office furniture suppliers, school chair suppliers India	CollectionPage, ItemList, BreadcrumbList, WebPage, Organization, FAQPage
72	https://indiantrademart.com/directory/vendor/krishna-biotech		Krishna Biotech – Verified Supplier | Indian Trade Mart	Explore Krishna Biotech's business profile, products, certifications, and contact information. Connect with a trusted supplier.	Krishna Biotech – Verified Supplier	<link rel="canonical" href="https://indiantrademart.com/directory/vendor/krishna-biotech" />	Krishna Biotech, biotech supplier, pharmaceutical supplier, biotech manufacturer, verified supplier India	LocalBusiness, Organization, ContactPoint, PostalAddress, BreadcrumbList
73	https://indiantrademart.com/directory/search/niharika-enterprises/andhra-pradesh/sri-sathya-sai/chilamathur		Niharika Enterprises in Chilamathur | Indian Trade Mart	Find verified Niharika Enterprises in Chilamathur, Andhra Pradesh. View products, services, and contact details.	Niharika Enterprises in Chilamathur	<link rel="canonical" href="https://indiantrademart.com/directory/search/niharika-enterprises/andhra-pradesh/sri-sathya-sai/chilamathur" />	Niharika Enterprises, Chilamathur supplier, Andhra Pradesh business, verified business listing	LocalBusiness, Organization, BreadcrumbList, ContactPoint
74	https://indiantrademart.com/directory/misc-contractors-and-freelancers/detective-and-investigation-agencies/consumer-services-employees-verification/		Employee Verification Services in India | Indian Trade Mart	Discover trusted employee verification agencies and background verification service providers across India.	Employee Verification Services in India	<link rel="canonical" href="https://indiantrademart.com/directory/misc-contractors-and-freelancers/detective-and-investigation-agencies/consumer-services-employees-verification/" />	employee verification services, background verification, employee background check, verification agencies India	CollectionPage, Service, BreadcrumbList, WebPage, FAQPage
75	https://indiantrademart.com/directory/search/reso-dynamics/goa/south-goa/canacona		Reso Dynamics in Canacona, Goa | Indian Trade Mart	Browse verified Reso Dynamics business in Canacona, South Goa. Explore products and services.	Reso Dynamics in Canacona, South Goa	<link rel="canonical" href="https://indiantrademart.com/directory/search/reso-dynamics/goa/south-goa/canacona" />	Reso Dynamics Canacona, Goa supplier, industrial supplier Goa, verified business listing	LocalBusiness, Organization, BreadcrumbList, ContactPoint
76	https://indiantrademart.com/product/amorolfine-hydrochloride-powder-ip-grade-317-50gm		Amorolfine Hydrochloride Powder IP Grade 317 (50gm)	Buy Amorolfine Hydrochloride Powder IP Grade 317 (50gm) from verified suppliers. View specifications and request pricing.	Amorolfine Hydrochloride Powder IP Grade 317 (50gm)	<link rel="canonical" href="https://indiantrademart.com/product/amorolfine-hydrochloride-powder-ip-grade-317-50gm" />	Amorolfine Hydrochloride Powder, IP Grade 317, pharmaceutical raw material, API supplier, bulk pharma chemicals	Product, Offer, AggregateRating, BreadcrumbList, Organization
77	https://indiantrademart.com/directory/search/succession-certificate-in-india/arunachal-pradesh/tawang/lumla		Succession Certificate Services in Lumla | Indian Trade Mart	Find trusted succession certificate consultants and legal service providers in Lumla, Arunachal Pradesh.	Succession Certificate Services in Lumla	<link rel="canonical" href="https://indiantrademart.com/directory/search/succession-certificate-in-india/arunachal-pradesh/tawang/lumla" />	succession certificate Lumla, legal services Arunachal Pradesh, inheritance certificate, legal consultant	Service, LocalBusiness, BreadcrumbList, FAQPage
78	https://indiantrademart.com/directory/search/reso-dynamics/manipur/india/manipur-kakching		Reso Dynamics in Kakching, Manipur | Indian Trade Mart	Connect with verified Reso Dynamics business in Kakching, Manipur. View products and services.	Reso Dynamics in Kakching, Manipur	<link rel="canonical" href="https://indiantrademart.com/directory/search/reso-dynamics/manipur/india/manipur-kakching" />	Reso Dynamics Kakching, Manipur supplier, industrial supplier, verified company	LocalBusiness, Organization, BreadcrumbList, ContactPoint
79	https://indiantrademart.com/directory/hospital-and-diagnostics/surgical-and-icu-equipments/medical-equipment-and-accessories		Medical Equipment & Accessories Suppliers | Indian Trade Mart	Discover verified medical equipment and accessories manufacturers, suppliers, exporters, and wholesalers across India.	Medical Equipment & Accessories Suppliers in India	<link rel="canonical" href="https://indiantrademart.com/directory/hospital-and-diagnostics/surgical-and-icu-equipments/medical-equipment-and-accessories" />	medical equipment suppliers, hospital equipment, surgical equipment, ICU equipment, medical accessories India	CollectionPage, ItemList, BreadcrumbList, WebPage, Organization
80	https://indiantrademart.com/directory/city/unnao		Businesses, Manufacturers & Suppliers in Unnao | Indian Trade Mart	Find verified manufacturers, suppliers, exporters, wholesalers, and service providers in Unnao.	Businesses, Manufacturers & Suppliers in Unnao	<link rel="canonical" href="https://indiantrademart.com/directory/city/unnao" />	Unnao manufacturers, Unnao suppliers, businesses in Unnao, exporters Unnao, wholesalers Unnao, B2B marketplace Unnao	CollectionPage, LocalBusiness, ItemList, BreadcrumbList, WebPage, Organization
81	https://indiantrademart.com/directory/industrial-supplies/pumps-pumping-machines-and-spares/high-pressure-pumps/		High Pressure Pump Manufacturers & Suppliers | Indian Trade Mart	Find verified high pressure pump manufacturers, suppliers, exporters, and wholesalers in India. Compare products and request quotes.	High Pressure Pump Manufacturers & Suppliers in India	<link rel="canonical" href="https://indiantrademart.com/directory/industrial-supplies/pumps-pumping-machines-and-spares/high-pressure-pumps/" />	high pressure pumps, high pressure pump manufacturers, pump suppliers India, industrial pumps, pumping machines, high pressure water pumps	
82	https://indiantrademart.com/directory/search/hdpe-pipe/gujarat/botad/ranpur		HDPE Pipe Suppliers in Ranpur, Gujarat | Indian Trade Mart	Discover verified HDPE pipe manufacturers and suppliers in Ranpur, Gujarat. Compare products, specifications, and request business quotes.	HDPE Pipe Suppliers in Ranpur, Gujarat	<link rel="canonical" href="https://indiantrademart.com/directory/search/hdpe-pipe/gujarat/botad/ranpur" />	HDPE pipe Ranpur, HDPE pipe suppliers Gujarat, HDPE pipe manufacturers, plastic pipes, industrial pipe suppliers	
83	https://indiantrademart.com/directory/search/reso-dynamics/andhra-pradesh/eluru/jeelugu-milli		Reso Dynamics in Jeelugu Milli | Indian Trade Mart	Browse verified Reso Dynamics business in Jeelugu Milli, Eluru. Explore products, services, and company contact details.	Reso Dynamics in Jeelugu Milli, Eluru	<link rel="canonical" href="https://indiantrademart.com/directory/search/reso-dynamics/andhra-pradesh/eluru/jeelugu-milli" />	Reso Dynamics Jeelugu Milli, Eluru supplier, industrial supplier Andhra Pradesh, verified business listing	
84	https://indiantrademart.com/directory/search/reso-dynamics/odisha/balangir/khaprakhol		Reso Dynamics in Khaprakhol | Indian Trade Mart	Find verified Reso Dynamics business in Khaprakhol, Balangir. View company profile, products, and services.	Reso Dynamics in Khaprakhol, Balangir	<link rel="canonical" href="https://indiantrademart.com/directory/search/reso-dynamics/odisha/balangir/khaprakhol" />	Reso Dynamics Khaprakhol, Balangir supplier, Odisha industrial supplier, verified company	
85	https://indiantrademart.com/directory/search/diamond-polish-machine/uttar-pradesh/sitapur/sidhauli		Diamond Polish Machine Suppliers in Sidhauli | ITM	Find verified diamond polish machine manufacturers and suppliers in Sidhauli, Uttar Pradesh. Compare products and request quotes.	Diamond Polish Machine Suppliers in Sidhauli	<link rel="canonical" href="https://indiantrademart.com/directory/search/diamond-polish-machine/uttar-pradesh/sitapur/sidhauli" />	diamond polish machine, polishing machine suppliers, Sidhauli manufacturers, industrial polishing equipment	
86	https://indiantrademart.com/directory/search/reso-dynamics/maharashtra/kolhapur/gadhinglaj		Reso Dynamics in Gadhinglaj | Indian Trade Mart	Connect with verified Reso Dynamics business in Gadhinglaj, Kolhapur. Explore products, services, and company details.	Reso Dynamics in Gadhinglaj, Kolhapur	<link rel="canonical" href="https://indiantrademart.com/directory/search/reso-dynamics/maharashtra/kolhapur/gadhinglaj" />	Reso Dynamics Gadhinglaj, Kolhapur supplier, Maharashtra industrial supplier, verified listing	
87	https://indiantrademart.com/directory/search/niharika-enterprises/assam/india/assam-chirang		Niharika Enterprises in Chirang | Indian Trade Mart	Discover verified Niharika Enterprises in Chirang, Assam. View products, business profile, services, and contact information.	Niharika Enterprises in Chirang, Assam	<link rel="canonical" href="https://indiantrademart.com/directory/search/niharika-enterprises/assam/india/assam-chirang" />	Niharika Enterprises Assam, Chirang supplier, verified business Assam, industrial supplier	
88	https://indiantrademart.com/directory/search/ganesh-packers-and-movers/odisha/khordha/patrapada		Ganesh Packers and Movers in Patrapada | ITM	Find trusted Ganesh Packers and Movers in Patrapada, Odisha. Get professional packing, moving, and relocation services.	Ganesh Packers and Movers in Patrapada	<link rel="canonical" href="https://indiantrademart.com/directory/search/ganesh-packers-and-movers/odisha/khordha/patrapada" />	packers and movers Patrapada, relocation services Odisha, moving company Khordha, transport services	
89	https://indiantrademart.com/directory/search/reso-dynamics/andhra-pradesh/sri-sathya-sai/bathalapalle		Reso Dynamics in Bathalapalle | Indian Trade Mart	Browse verified Reso Dynamics business in Bathalapalle, Andhra Pradesh. Explore products, services, and company information.	Reso Dynamics in Bathalapalle, Sri Sathya Sai	<link rel="canonical" href="https://indiantrademart.com/directory/search/reso-dynamics/andhra-pradesh/sri-sathya-sai/bathalapalle" />	Reso Dynamics Bathalapalle, Andhra Pradesh supplier, industrial supplier, verified business listing	
90	https://indiantrademart.com/directory/search/reso-dynamics/odisha/ganjam/tarasingi		Reso Dynamics in Tarasingi | Indian Trade Mart	Find verified Reso Dynamics business in Tarasingi, Ganjam, Odisha. Explore products, services, company profile, and contact details.	Reso Dynamics in Tarasingi, Ganjam	<link rel="canonical" href="https://indiantrademart.com/directory/search/reso-dynamics/odisha/ganjam/tarasingi" />	Reso Dynamics Tarasingi, Ganjam supplier, Odisha industrial supplier, verified business listing	
91	https://indiantrademart.com/directory/search/surie-polex-magnesite-abrasives/punjab/fatehgarh-sahib/iqbal-colony		Surie Polex Magnesite Abrasives in Iqbal Colony | ITM	Find verified Surie Polex Magnesite Abrasives supplier in Iqbal Colony, Punjab. View products, services, and business details.	Surie Polex Magnesite Abrasives in Iqbal Colony	<link rel="canonical" href="https://indiantrademart.com/directory/search/surie-polex-magnesite-abrasives/punjab/fatehgarh-sahib/iqbal-colony" />	Surie Polex Magnesite Abrasives, abrasives supplier Punjab, polishing abrasives, industrial abrasives	
92	https://indiantrademart.com/directory/search/metal-candle-holder/rajasthan/bharatpur		Metal Candle Holder Suppliers in Bharatpur | Indian Trade Mart	Discover verified metal candle holder manufacturers and suppliers in Bharatpur, Rajasthan. Compare products and request quotes.	Metal Candle Holder Suppliers in Bharatpur	<link rel="canonical" href="https://indiantrademart.com/directory/search/metal-candle-holder/rajasthan/bharatpur" />	metal candle holder, candle holder manufacturers, decorative candle holders, Bharatpur suppliers, home décor products	
93	https://indiantrademart.com/directory/search/transparent-bopp-tape-50-mm-36-micron/maharashtra/ahmadnagar/rahuri		Transparent BOPP Tape 50mm 36 Micron Suppliers | ITM	Find verified Transparent BOPP Tape 50mm 36 Micron manufacturers and suppliers in Rahuri, Maharashtra.	Transparent BOPP Tape 50mm 36 Micron Suppliers in Rahuri	<link rel="canonical" href="https://indiantrademart.com/directory/search/transparent-bopp-tape-50-mm-36-micron/maharashtra/ahmadnagar/rahuri" />	transparent BOPP tape, 50mm BOPP tape, 36 micron tape, packaging tape suppliers, adhesive tape manufacturers	
94	https://indiantrademart.com/directory/search/reso-dynamics/jammu-and-kashmir/kishtwar/chhatroo		Reso Dynamics in Chhatroo | Indian Trade Mart	Browse verified Reso Dynamics business in Chhatroo, Kishtwar. Explore products, services, and company profile.	Reso Dynamics in Chhatroo, Kishtwar	<link rel="canonical" href="https://indiantrademart.com/directory/search/reso-dynamics/jammu-and-kashmir/kishtwar/chhatroo" />	Reso Dynamics Chhatroo, Kishtwar supplier, Jammu industrial supplier, verified business	
95	https://indiantrademart.com/directory/search/paper-crafts		Paper Crafts Manufacturers & Suppliers | Indian Trade Mart	Explore verified paper crafts manufacturers, suppliers, exporters, and wholesalers across India. Compare products and request quotes.	Paper Crafts Manufacturers & Suppliers in India	<link rel="canonical" href="https://indiantrademart.com/directory/search/paper-crafts" />	paper crafts, handmade paper crafts, paper craft suppliers, paper products manufacturers, paper craft wholesalers	
96	https://indiantrademart.com/directory/search/reso-dynamics/andhra-pradesh/palnadu/dachepalle		Reso Dynamics in Dachepalle | Indian Trade Mart	Find verified Reso Dynamics business in Dachepalle, Palnadu. View products, services, and contact information.	Reso Dynamics in Dachepalle, Palnadu	<link rel="canonical" href="https://indiantrademart.com/directory/search/reso-dynamics/andhra-pradesh/palnadu/dachepalle" />	Reso Dynamics Dachepalle, Palnadu supplier, Andhra Pradesh industrial supplier	
97	https://indiantrademart.com/directory/search/reso-dynamics/andhra-pradesh/y-s-r/badvel		Reso Dynamics in Badvel | Indian Trade Mart	Discover verified Reso Dynamics business in Badvel, YSR District. Explore products, services, and company profile.	Reso Dynamics in Badvel, YSR District	<link rel="canonical" href="https://indiantrademart.com/directory/search/reso-dynamics/andhra-pradesh/y-s-r/badvel" />	Reso Dynamics Badvel, YSR supplier, Andhra Pradesh supplier, industrial business listing	
98	https://indiantrademart.com/directory/paper-and-paper-products/paper-bags-gifts-and-paper-products/posters/		Poster Manufacturers & Suppliers in India | Indian Trade Mart	Find verified poster manufacturers, suppliers, exporters, and wholesalers across India. Compare products and request quotations.	Poster Manufacturers & Suppliers in India	<link rel="canonical" href="https://indiantrademart.com/directory/paper-and-paper-products/paper-bags-gifts-and-paper-products/posters/" />	poster manufacturers, poster suppliers India, printed posters, advertising posters, paper posters	
99	https://indiantrademart.com/directory/search/reso-dynamics/maharashtra/yavatmal/wani		Reso Dynamics in Wani | Indian Trade Mart	Connect with verified Reso Dynamics business in Wani, Yavatmal. Explore products, services, and company contact details.	Reso Dynamics in Wani, Yavatmal	<link rel="canonical" href="https://indiantrademart.com/directory/search/reso-dynamics/maharashtra/yavatmal/wani" />	Reso Dynamics Wani, Yavatmal supplier, Maharashtra industrial supplier, verified company	
100	https://indiantrademart.com/directory/search/reso-dynamics/maharashtra/yavatmal/wani		Reso Dynamics in Wani, Yavatmal | Indian Trade Mart	Find verified Reso Dynamics suppliers, manufacturers, and service providers in Wani, Yavatmal, Maharashtra. Compare businesses and send enquiries. (indiantrademart.com)	Reso Dynamics in Wani, Yavatmal	<link rel="canonical" href="https://indiantrademart.com/directory/search/reso-dynamics/maharashtra/yavatmal/wani" />	Reso Dynamics Wani, Reso Dynamics Yavatmal, industrial supplier Wani, manufacturers in Wani, suppliers in Yavatmal, Maharashtra business directory, verified business listing	
101	https://indiantrademart.com/directory/construction-materials-and-machines/vitrified-ceramic-floor-and-wall-tiles/porcelain-tiles/		Porcelain Tile Manufacturers & Suppliers | Indian Trade Mart	Find verified porcelain tile manufacturers, suppliers, exporters, and wholesalers across India. Compare products and request quotes.	Porcelain Tile Manufacturers & Suppliers in India	<link rel="canonical" href="https://indiantrademart.com/directory/construction-materials-and-machines/vitrified-ceramic-floor-and-wall-tiles/porcelain-tiles/" />	porcelain tiles, porcelain tile manufacturers, porcelain tile suppliers, vitrified tiles, ceramic floor tiles, wall tiles India	
102	https://indiantrademart.com/directory/search/pm-tools-and-abrasives-diamond-core-drill-bit-10-mm/punjab/barnala/tapa		Diamond Core Drill Bit 10mm Suppliers in Tapa | ITM	Find verified Diamond Core Drill Bit 10mm manufacturers and suppliers in Tapa, Punjab. Compare products and send enquiries.	Diamond Core Drill Bit 10mm Suppliers in Tapa	<link rel="canonical" href="https://indiantrademart.com/directory/search/pm-tools-and-abrasives-diamond-core-drill-bit-10-mm/punjab/barnala/tapa" />	diamond core drill bit 10mm, drill bit suppliers, PM Tools and Abrasives, industrial drill bits, Tapa Punjab suppliers	
103	https://indiantrademart.com/directory/search/reso-dynamics/karnataka/india/vijayapura		Reso Dynamics in Vijayapura | Indian Trade Mart	Browse verified Reso Dynamics suppliers and businesses in Vijayapura, Karnataka. View company profile, products, and contact details.	Reso Dynamics in Vijayapura, Karnataka	<link rel="canonical" href="https://indiantrademart.com/directory/search/reso-dynamics/karnataka/india/vijayapura" />	Reso Dynamics Vijayapura, Karnataka supplier, industrial supplier Vijayapura, verified business listing	
104	https://indiantrademart.com/directory/search/renovating-demolition/odisha/cuttack/tangi		Renovation & Demolition Services in Tangi | ITM	Find trusted renovation and demolition contractors in Tangi, Cuttack. Compare verified service providers and request quotes.	Renovation & Demolition Services in Tangi	<link rel="canonical" href="https://indiantrademart.com/directory/search/renovating-demolition/odisha/cuttack/tangi" />	renovation services Tangi, demolition contractors Cuttack, building demolition, renovation company Odisha	
105	https://indiantrademart.com/directory/search/point-chisel-bit/uttar-pradesh/banda/baberu		Point Chisel Bit Suppliers in Baberu | Indian Trade Mart	Discover verified Point Chisel Bit manufacturers and suppliers in Baberu, Uttar Pradesh. Compare products and request quotations.	Point Chisel Bit Suppliers in Baberu	<link rel="canonical" href="https://indiantrademart.com/directory/search/point-chisel-bit/uttar-pradesh/banda/baberu" />	point chisel bit, chisel bit suppliers, demolition tools, Baberu suppliers, industrial tools Uttar Pradesh	
106	https://indiantrademart.com/directory/housewares-and-supplies/drapes-curtains		Drapes & Curtain Manufacturers & Suppliers | Indian Trade Mart	Explore verified drapes and curtain manufacturers, suppliers, wholesalers, and exporters across India. Compare products and prices.	Drapes & Curtain Manufacturers & Suppliers in India	<link rel="canonical" href="https://indiantrademart.com/directory/housewares-and-supplies/drapes-curtains" />	drapes, curtains, curtain manufacturers, curtain suppliers, home furnishing, window curtains India	
107	https://indiantrademart.com/directory/architecture-and-interiors/beams-purlins-frames-and-girders/purlin		Purlin Manufacturers & Suppliers | Indian Trade Mart	Find verified purlin manufacturers, suppliers, wholesalers, and exporters across India. Compare steel purlins and request quotes.	Purlin Manufacturers & Suppliers in India	<link rel="canonical" href="https://indiantrademart.com/directory/architecture-and-interiors/beams-purlins-frames-and-girders/purlin" />	purlin manufacturers, steel purlin suppliers, C purlin, Z purlin, structural purlins, roofing purlins	
108	https://indiantrademart.com/directory/architecture-and-interiors/beams-purlins-frames-and-girders/purlin/		Purlin Manufacturers & Suppliers | Indian Trade Mart	Find verified purlin manufacturers, suppliers, wholesalers, and exporters across India. Compare steel purlins and request quotes.	Purlin Manufacturers & Suppliers in India	<link rel="canonical" href="https://indiantrademart.com/directory/architecture-and-interiors/beams-purlins-frames-and-girders/purlin/" />	purlin manufacturers, steel purlin suppliers, C purlin, Z purlin, roofing purlins, structural steel	
109	https://indiantrademart.com/directory/search/uniforms/goa/india/goa-north-goa		Uniform Suppliers in North Goa | Indian Trade Mart	Find verified uniform manufacturers, suppliers, wholesalers, and distributors in North Goa. Compare businesses and request quotes.	Uniform Suppliers in North Goa	<link rel="canonical" href="https://indiantrademart.com/directory/search/uniforms/goa/india/goa-north-goa" />	uniform suppliers North Goa, school uniforms, industrial uniforms, uniform manufacturers Goa, workwear suppliers	
110	https://indiantrademart.com/directory/search/reso-dynamics/odisha/bhadrak/naikanidihi		Reso Dynamics in Naikanidihi | Indian Trade Mart	Discover verified Reso Dynamics businesses in Naikanidihi, Bhadrak. View products, services, and contact information.	Reso Dynamics in Naikanidihi, Bhadrak	<link rel="canonical" href="https://indiantrademart.com/directory/search/reso-dynamics/odisha/bhadrak/naikanidihi" />	Reso Dynamics Naikanidihi, Bhadrak supplier, Odisha industrial supplier, verified business listing	
111	https://indiantrademart.com/directory/search/reso-dynamics/andhra-pradesh/annamayya/kalikiri		Reso Dynamics in Kalikiri | Indian Trade Mart	Find verified Reso Dynamics suppliers and businesses in Kalikiri, Annamayya, Andhra Pradesh. Explore products, services, and contact details.	Reso Dynamics in Kalikiri, Annamayya	<link rel="canonical" href="https://indiantrademart.com/directory/search/reso-dynamics/andhra-pradesh/annamayya/kalikiri" />	Reso Dynamics Kalikiri, Annamayya suppliers, Andhra Pradesh industrial supplier, verified business listing	
112	https://indiantrademart.com/directory/industrial-supplies/brackets-holder-and-hardware-fittings/metal-channels/		Metal Channel Manufacturers & Suppliers | Indian Trade Mart	Find verified metal channel manufacturers, suppliers, wholesalers, and exporters in India. Compare products and request quotes.	Metal Channel Manufacturers & Suppliers in India	<link rel="canonical" href="https://indiantrademart.com/directory/industrial-supplies/brackets-holder-and-hardware-fittings/metal-channels/" />	metal channels, metal channel manufacturers, steel channels, hardware fittings, industrial metal channels	
113	https://indiantrademart.com/directory/vendor/global-dental-traders		Global Dental Traders – Verified Supplier | Indian Trade Mart	Explore Global Dental Traders' business profile, products, certifications, and contact information on Indian Trade Mart.	Global Dental Traders – Verified Supplier	<link rel="canonical" href="https://indiantrademart.com/directory/vendor/global-dental-traders" />	Global Dental Traders, dental equipment supplier, dental products, verified vendor India	
114	https://indiantrademart.com/directory/engineering-services/industrial-furnaces-ovens/muffle-furnaces		Muffle Furnace Manufacturers & Suppliers | Indian Trade Mart	Discover verified muffle furnace manufacturers, suppliers, and exporters across India. Compare products and request quotations.	Muffle Furnace Manufacturers & Suppliers in India	<link rel="canonical" href="https://indiantrademart.com/directory/engineering-services/industrial-furnaces-ovens/muffle-furnaces" />	muffle furnace, muffle furnace manufacturers, laboratory furnace, industrial furnace suppliers	
115	https://indiantrademart.com/directory/engineering-services/industrial-furnaces-ovens/muffle-furnaces/		Muffle Furnace Manufacturers & Suppliers | Indian Trade Mart	Find trusted muffle furnace manufacturers, suppliers, wholesalers, and exporters across India. Compare products and prices.	Muffle Furnace Manufacturers & Suppliers in India	<link rel="canonical" href="https://indiantrademart.com/directory/engineering-services/industrial-furnaces-ovens/muffle-furnaces/" />	muffle furnace, laboratory furnace, industrial furnace, heating furnace suppliers, furnace manufacturers	
116	https://indiantrademart.com/directory/search/surie-polex-magnesite-abrasives/odisha/mayurbhanj/bharandia		Surie Polex Magnesite Abrasives in Bharandia | ITM	Find verified Surie Polex Magnesite Abrasives suppliers in Bharandia, Mayurbhanj. Explore products, services, and company details.	Surie Polex Magnesite Abrasives in Bharandia	<link rel="canonical" href="https://indiantrademart.com/directory/search/surie-polex-magnesite-abrasives/odisha/mayurbhanj/bharandia" />	Surie Polex Magnesite Abrasives, abrasives supplier Odisha, polishing abrasives, industrial abrasives	
117	https://indiantrademart.com/directory/search/reso-dynamics/andhra-pradesh/india/andhra-pradesh-palnadu		Reso Dynamics in Palnadu | Indian Trade Mart	Browse verified Reso Dynamics suppliers and businesses in Palnadu, Andhra Pradesh. Compare products and contact suppliers.	Reso Dynamics in Palnadu, Andhra Pradesh	<link rel="canonical" href="https://indiantrademart.com/directory/search/reso-dynamics/andhra-pradesh/india/andhra-pradesh-palnadu" />	Reso Dynamics Palnadu, Andhra Pradesh supplier, industrial supplier, verified business listing	
118	https://indiantrademart.com/directory/search/malik-super-g-cramp/odisha/rayagada/bishamakatak		Malik Super G Cramp in Bishamakatak | Indian Trade Mart	Find verified Malik Super G Cramp suppliers in Bishamakatak, Odisha. View product details, supplier profile, and contact information.	Malik Super G Cramp in Bishamakatak	<link rel="canonical" href="https://indiantrademart.com/directory/search/malik-super-g-cramp/odisha/rayagada/bishamakatak" />	Malik Super G Cramp, Bishamakatak supplier, Odisha industrial products, verified supplier	
119	https://indiantrademart.com/directory/search/ganesh-packers-and-movers/gujarat/amreli/lathi		Ganesh Packers and Movers in Lathi | Indian Trade Mart	Find trusted Ganesh Packers and Movers in Lathi, Gujarat. Compare relocation, packing, transportation, and moving services.	Ganesh Packers and Movers in Lathi	<link rel="canonical" href="https://indiantrademart.com/directory/search/ganesh-packers-and-movers/gujarat/amreli/lathi" />	packers and movers Lathi, relocation services Gujarat, moving company Amreli, transport services	
120	https://indiantrademart.com/directory/search/reso-dynamics/manipur/india/manipur-noney		Reso Dynamics in Noney | Indian Trade Mart	Discover verified Reso Dynamics businesses in Noney, Manipur. Explore products, services, and company contact information.	Reso Dynamics in Noney, Manipur	<link rel="canonical" href="https://indiantrademart.com/directory/search/reso-dynamics/manipur/india/manipur-noney" />	Reso Dynamics Noney, Manipur supplier, industrial supplier Manipur, verified business directory	
121	https://indiantrademart.com/directory/hand-and-machine-tools/jewellery-making-tools-machines/jewelry-making-machines		Jewelry Making Machine Manufacturers & Suppliers | Indian Trade Mart	Find verified jewelry making machine manufacturers, suppliers, exporters, and wholesalers across India. Compare products and request quotes.	Jewelry Making Machine Manufacturers & Suppliers in India	<link rel="canonical" href="https://indiantrademart.com/directory/hand-and-machine-tools/jewellery-making-tools-machines/jewelry-making-machines" />	jewelry making machines, jewelry equipment, jewellery tools, jewelry machine manufacturers, jewelry machine suppliers India	
122	https://indiantrademart.com/directory/hand-and-machine-tools/jewellery-making-tools-machines/jewelry-making-machines/		Jewelry Making Machine Manufacturers & Suppliers | Indian Trade Mart	Discover trusted jewelry making machine manufacturers and suppliers across India. Compare products and get the best quotes.	Jewelry Making Machine Manufacturers & Suppliers in India	<link rel="canonical" href="https://indiantrademart.com/directory/hand-and-machine-tools/jewellery-making-tools-machines/jewelry-making-machines/" />	jewelry making machines, jewelry tools, jewellery machinery, jewelry equipment suppliers, jewelry manufacturing machines	
123	https://indiantrademart.com/directory/handicrafts-and-decoratives/bamboo-and-wooden-handicrafts/bamboo-craft		Bamboo Craft Manufacturers & Suppliers | Indian Trade Mart	Find verified bamboo craft manufacturers, suppliers, exporters, and wholesalers across India. Compare handcrafted bamboo products.	Bamboo Craft Manufacturers & Suppliers in India	<link rel="canonical" href="https://indiantrademart.com/directory/handicrafts-and-decoratives/bamboo-and-wooden-handicrafts/bamboo-craft" />	bamboo craft, bamboo handicrafts, bamboo products, bamboo craft manufacturers, bamboo suppliers India	
124	https://indiantrademart.com/directory/handicrafts-and-decoratives/bamboo-and-wooden-handicrafts/bamboo-craft/		Bamboo Craft Manufacturers & Suppliers | Indian Trade Mart	Explore verified bamboo craft manufacturers and suppliers in India. Compare handcrafted bamboo products and request quotations.	Bamboo Craft Manufacturers & Suppliers in India	<link rel="canonical" href="https://indiantrademart.com/directory/handicrafts-and-decoratives/bamboo-and-wooden-handicrafts/bamboo-craft/" />	bamboo craft, bamboo handicrafts, handmade bamboo products, bamboo artisans, bamboo suppliers	
125	https://indiantrademart.com/product/joint-venture-agreement		Joint Venture Agreement Services | Indian Trade Mart	Get professionally drafted Joint Venture Agreement services from verified legal experts. Compare providers and request consultations.	Joint Venture Agreement Services	<link rel="canonical" href="https://indiantrademart.com/product/joint-venture-agreement" />	joint venture agreement, JV agreement, legal agreement drafting, business contract services, legal documentation	
126	https://indiantrademart.com/directory/search/reso-dynamics/andhra-pradesh/y-s-r/kadapa		Reso Dynamics in Kadapa | Indian Trade Mart	Find verified Reso Dynamics suppliers and businesses in Kadapa, Andhra Pradesh. Explore products, services, and company details.	Reso Dynamics in Kadapa, YSR District	<link rel="canonical" href="https://indiantrademart.com/directory/search/reso-dynamics/andhra-pradesh/y-s-r/kadapa" />	Reso Dynamics Kadapa, YSR supplier, Andhra Pradesh industrial supplier, verified business listing	
127	https://indiantrademart.com/directory/search/reso-dynamics/odisha/jharsuguda/lakhanpur		Reso Dynamics in Lakhanpur | Indian Trade Mart	Browse verified Reso Dynamics businesses in Lakhanpur, Jharsuguda. View products, services, and supplier contact information.	Reso Dynamics in Lakhanpur, Jharsuguda	<link rel="canonical" href="https://indiantrademart.com/directory/search/reso-dynamics/odisha/jharsuguda/lakhanpur" />	Reso Dynamics Lakhanpur, Jharsuguda supplier, Odisha industrial supplier, verified company	
128	https://indiantrademart.com/directory/search/reso-dynamics/chhattisgarh/raigarh/pusour		Reso Dynamics in Pusour | Indian Trade Mart	Discover verified Reso Dynamics businesses in Pusour, Raigarh, Chhattisgarh. Compare products, services, and suppliers.	Reso Dynamics in Pusour, Raigarh	<link rel="canonical" href="https://indiantrademart.com/directory/search/reso-dynamics/chhattisgarh/raigarh/pusour" />	Reso Dynamics Pusour, Raigarh supplier, Chhattisgarh industrial supplier, verified business directory	
129	https://indiantrademart.com/directory/search/uniforms/andhra-pradesh/parvathipuram-manyam/parvathipuram		Uniform Suppliers in Parvathipuram | Indian Trade Mart	Find verified uniform manufacturers, wholesalers, and suppliers in Parvathipuram, Andhra Pradesh. Compare products and request quotes.	Uniform Suppliers in Parvathipuram	<link rel="canonical" href="https://indiantrademart.com/directory/search/uniforms/andhra-pradesh/parvathipuram-manyam/parvathipuram" />	uniform suppliers Parvathipuram, school uniforms, industrial uniforms, workwear suppliers Andhra Pradesh	
130	https://indiantrademart.com/directory/search/reso-dynamics/assam/india/assam-dhemaji		Reso Dynamics in Dhemaji | Indian Trade Mart	Explore verified Reso Dynamics suppliers and businesses in Dhemaji, Assam. Compare products, services, and business profiles.	Reso Dynamics in Dhemaji, Assam	<link rel="canonical" href="https://indiantrademart.com/directory/search/reso-dynamics/assam/india/assam-dhemaji" />	Reso Dynamics Dhemaji, Assam supplier, industrial supplier Assam, verified business listing	
131	https://indiantrademart.com/directory/search/tra-power-diamond-blade/telangana/karimnagar/jammikunta		TRA Power Diamond Blade Suppliers in Jammikunta | Indian Trade Mart	Find verified TRA Power Diamond Blade manufacturers and suppliers in Jammikunta, Telangana. Compare products and request quotations.	TRA Power Diamond Blade Suppliers in Jammikunta	<link rel="canonical" href="https://indiantrademart.com/directory/search/tra-power-diamond-blade/telangana/karimnagar/jammikunta" />	TRA Power Diamond Blade, diamond blade suppliers, cutting blade manufacturers, Jammikunta suppliers, Telangana industrial tools	
132	https://indiantrademart.com/directory/automobile-parts-and-spares/automotive-repair-tools-equipments/lpg-kits		LPG Kit Manufacturers & Suppliers | Indian Trade Mart	Discover verified LPG kit manufacturers, suppliers, wholesalers, and exporters in India. Compare products and request quotes.	LPG Kit Manufacturers & Suppliers in India	<link rel="canonical" href="https://indiantrademart.com/directory/automobile-parts-and-spares/automotive-repair-tools-equipments/lpg-kits" />	LPG kits, LPG kit manufacturers, automotive LPG kits, auto gas conversion kits, LPG kit suppliers India	
133	https://indiantrademart.com/directory/automobile-parts-and-spares/automotive-repair-tools-equipments/lpg-kits/		LPG Kit Manufacturers & Suppliers | Indian Trade Mart	Find trusted LPG kit manufacturers and suppliers across India. Compare automotive LPG conversion kits and get quotations.	LPG Kit Manufacturers & Suppliers in India	<link rel="canonical" href="https://indiantrademart.com/directory/automobile-parts-and-spares/automotive-repair-tools-equipments/lpg-kits/" />	LPG kits, auto LPG kits, LPG conversion kit suppliers, automotive repair tools, LPG kit wholesalers	
134	https://indiantrademart.com/directory/search/reso-dynamics/andhra-pradesh/annamayya/peddamandyam		Reso Dynamics in Peddamandyam | Indian Trade Mart	Find verified Reso Dynamics businesses in Peddamandyam, Annamayya. Explore products, services, and company details.	Reso Dynamics in Peddamandyam, Annamayya	<link rel="canonical" href="https://indiantrademart.com/directory/search/reso-dynamics/andhra-pradesh/annamayya/peddamandyam" />	Reso Dynamics Peddamandyam, Annamayya supplier, Andhra Pradesh industrial supplier, verified business listing	
135	https://indiantrademart.com/directory/search/reso-dynamics/nagaland/phek/meluri		Reso Dynamics in Meluri | Indian Trade Mart	Browse verified Reso Dynamics suppliers in Meluri, Phek, Nagaland. Compare products, services, and business profiles.	Reso Dynamics in Meluri, Phek	<link rel="canonical" href="https://indiantrademart.com/directory/search/reso-dynamics/nagaland/phek/meluri" />	Reso Dynamics Meluri, Phek supplier, Nagaland industrial supplier, verified business directory	
136	https://indiantrademart.com/directory/search/reso-dynamics/maharashtra/jalgaon/yawal		Reso Dynamics in Yawal | Indian Trade Mart	Explore verified Reso Dynamics businesses in Yawal, Jalgaon. Find suppliers, products, services, and contact information.	Reso Dynamics in Yawal, Jalgaon	<link rel="canonical" href="https://indiantrademart.com/directory/search/reso-dynamics/maharashtra/jalgaon/yawal" />	Reso Dynamics Yawal, Jalgaon supplier, Maharashtra industrial supplier, verified business listing	
137	https://indiantrademart.com/directory/search/reso-dynamics/gujarat/sabar-kantha/vadali		Reso Dynamics in Vadali | Indian Trade Mart	Discover verified Reso Dynamics suppliers in Vadali, Sabarkantha, Gujarat. Compare products, services, and business profiles.	Reso Dynamics in Vadali, Sabarkantha	<link rel="canonical" href="https://indiantrademart.com/directory/search/reso-dynamics/gujarat/sabar-kantha/vadali" />	Reso Dynamics Vadali, Sabarkantha supplier, Gujarat industrial supplier, verified business directory	
138	https://indiantrademart.com/directory/search/point-chisel-bit/madhya-pradesh/rewa/mangawan		Point Chisel Bit Suppliers in Mangawan | Indian Trade Mart	Find verified Point Chisel Bit manufacturers and suppliers in Mangawan, Rewa. Compare industrial tools and request quotations.	Point Chisel Bit Suppliers in Mangawan	<link rel="canonical" href="https://indiantrademart.com/directory/search/point-chisel-bit/madhya-pradesh/rewa/mangawan" />	point chisel bit, chisel bit suppliers, demolition tools, Mangawan suppliers, industrial tools Rewa	
139	https://indiantrademart.com/directory/hospital-and-diagnostics/face-mask-and-medical-ppe-kits/industrial-safety-masks/		Industrial Safety Mask Manufacturers & Suppliers | Indian Trade Mart	Find verified industrial safety mask manufacturers, suppliers, wholesalers, and exporters across India. Compare products and request quotes.	Industrial Safety Mask Manufacturers & Suppliers in India	<link rel="canonical" href="https://indiantrademart.com/directory/hospital-and-diagnostics/face-mask-and-medical-ppe-kits/industrial-safety-masks/" />	industrial safety masks, safety mask manufacturers, PPE masks, respirator masks, protective face masks, safety equipment India	
140	https://indiantrademart.com/directory/search/interior-design-2/bihar/india/patna		Interior Design Services in Patna | Indian Trade Mart	Find verified interior designers, decorators, and interior design service providers in Patna. Compare professionals and request quotes.	Interior Design Services in Patna	<link rel="canonical" href="https://indiantrademart.com/directory/search/interior-design-2/bihar/india/patna" />	interior designers Patna, interior design services Bihar, home interior designers, commercial interior design, office interior designers	
141	https://indiantrademart.com/directory/search/reso-dynamics/arunachal-pradesh/west-kameng/thembang		Reso Dynamics in Thembang | Indian Trade Mart	Find verified Reso Dynamics suppliers and businesses in Thembang, West Kameng, Arunachal Pradesh. Compare products, services, and contact details.	Reso Dynamics in Thembang, West Kameng	<link rel="canonical" href="https://indiantrademart.com/directory/search/reso-dynamics/arunachal-pradesh/west-kameng/thembang" />	Reso Dynamics Thembang, West Kameng supplier, Arunachal Pradesh industrial supplier, verified business listing	
142	https://indiantrademart.com/directory/search/reso-dynamics/gujarat/anand/khambhat		Reso Dynamics in Khambhat | Indian Trade Mart	Browse verified Reso Dynamics suppliers and manufacturers in Khambhat, Anand, Gujarat. Explore products, services, and business details.	Reso Dynamics in Khambhat, Anand	<link rel="canonical" href="https://indiantrademart.com/directory/search/reso-dynamics/gujarat/anand/khambhat" />	Reso Dynamics Khambhat, Anand supplier, Gujarat industrial supplier, verified business directory	
143	https://indiantrademart.com/directory/search/reso-dynamics/odisha/cuttack/jagatpur		Reso Dynamics in Jagatpur | Indian Trade Mart	Discover verified Reso Dynamics businesses in Jagatpur, Cuttack, Odisha. Compare products, services, and contact information.	Reso Dynamics in Jagatpur, Cuttack	<link rel="canonical" href="https://indiantrademart.com/directory/search/reso-dynamics/odisha/cuttack/jagatpur" />	Reso Dynamics Jagatpur, Cuttack supplier, Odisha industrial supplier, verified business listing	
144	https://indiantrademart.com/directory/search/reso-dynamics/odisha/ganjam/suvani		Reso Dynamics in Suvani | Indian Trade Mart	Find verified Reso Dynamics suppliers in Suvani, Ganjam, Odisha. View products, services, and company contact details.	Reso Dynamics in Suvani, Ganjam	<link rel="canonical" href="https://indiantrademart.com/directory/search/reso-dynamics/odisha/ganjam/suvani" />	Reso Dynamics Suvani, Ganjam supplier, Odisha industrial supplier, verified company profile	
145	https://indiantrademart.com/directory/search/reso-dynamics/madhya-pradesh/india/madhya-pradesh-ashoknagar		Reso Dynamics in Ashoknagar | Indian Trade Mart	Explore verified Reso Dynamics suppliers and businesses in Ashoknagar, Madhya Pradesh. Compare products, services, and supplier profiles.	Reso Dynamics in Ashoknagar, Madhya Pradesh	<link rel="canonical" href="https://indiantrademart.com/directory/search/reso-dynamics/madhya-pradesh/india/madhya-pradesh-ashoknagar" />	Reso Dynamics Ashoknagar, Madhya Pradesh supplier, industrial supplier, verified business listing	
146	https://indiantrademart.com/directory/fashion-accessories-and-gear/disposable-and-other-optical-lenses/contact-lenses		Contact Lens Manufacturers & Suppliers | Indian Trade Mart	Find verified contact lens manufacturers, suppliers, wholesalers, and distributors across India. Compare products and request quotes.	Contact Lens Manufacturers & Suppliers in India	<link rel="canonical" href="https://indiantrademart.com/directory/fashion-accessories-and-gear/disposable-and-other-optical-lenses/contact-lenses" />	contact lenses, contact lens manufacturers, optical lenses, disposable contact lenses, contact lens suppliers India	
147	https://indiantrademart.com/directory/fashion-accessories-and-gear/disposable-and-other-optical-lenses/contact-lenses/		Contact Lens Manufacturers & Suppliers | Indian Trade Mart	Discover trusted contact lens manufacturers and suppliers across India. Compare optical products and get the best quotations.	Contact Lens Manufacturers & Suppliers in India	<link rel="canonical" href="https://indiantrademart.com/directory/fashion-accessories-and-gear/disposable-and-other-optical-lenses/contact-lenses/" />	contact lenses, disposable contact lenses, optical products, contact lens suppliers, eye care products	
148	https://indiantrademart.com/directory/search/niharika-enterprises/odisha/kendrapara/pattamundai		Niharika Enterprises in Pattamundai | Indian Trade Mart	Find verified Niharika Enterprises in Pattamundai, Kendrapara, Odisha. Explore products, services, and company contact details.	Niharika Enterprises in Pattamundai, Kendrapara	<link rel="canonical" href="https://indiantrademart.com/directory/search/niharika-enterprises/odisha/kendrapara/pattamundai" />	Niharika Enterprises Pattamundai, Kendrapara supplier, Odisha business listing, verified supplier	
149	https://indiantrademart.com/directory/search/transparent-bopp-tape-50-mm-36-micron/andhra-pradesh/prakasam/markapur		Transparent BOPP Tape 50mm 36 Micron Suppliers in Markapur | ITM	Find verified Transparent BOPP Tape 50mm 36 Micron manufacturers and suppliers in Markapur, Andhra Pradesh. Request quotes today.	Transparent BOPP Tape 50mm 36 Micron Suppliers in Markapur	<link rel="canonical" href="https://indiantrademart.com/directory/search/transparent-bopp-tape-50-mm-36-micron/andhra-pradesh/prakasam/markapur" />	transparent BOPP tape, 50mm BOPP tape, 36 micron tape, Markapur suppliers, packaging tape manufacturers	
150	https://indiantrademart.com/directory/industrial-plants-and-machinery/pollution-control-devices-and-machines/recycling-plant-and-machinery/		Recycling Plant & Machinery Manufacturers | Indian Trade Mart	Find verified recycling plant and machinery manufacturers, suppliers, exporters, and wholesalers across India. Compare products and request quotes.	Recycling Plant & Machinery Manufacturers & Suppliers in India	<link rel="canonical" href="https://indiantrademart.com/directory/industrial-plants-and-machinery/pollution-control-devices-and-machines/recycling-plant-and-machinery/" />	recycling plant machinery, recycling machine manufacturers, waste recycling equipment, recycling plant suppliers, industrial recycling machinery	
151	https://indiantrademart.com/directory/search/reso-dynamics/maharashtra/osmanabad/lohara		Reso Dynamics in Lohara | Indian Trade Mart	Find verified Reso Dynamics suppliers and businesses in Lohara, Osmanabad, Maharashtra. Compare products, services, and contact details.	Reso Dynamics in Lohara, Osmanabad	<link rel="canonical" href="https://indiantrademart.com/directory/search/reso-dynamics/maharashtra/osmanabad/lohara" />	Reso Dynamics Lohara, Osmanabad supplier, Maharashtra industrial supplier, verified business listing	LocalBusiness, Organization, BreadcrumbList, ContactPoint, PostalAddress, WebPage
152	https://indiantrademart.com/directory/search/reso-dynamics/andhra-pradesh/west-godavari/akividu		Reso Dynamics in Akividu | Indian Trade Mart	Browse verified Reso Dynamics suppliers and businesses in Akividu, West Godavari, Andhra Pradesh. Explore products and contact details.	Reso Dynamics in Akividu, West Godavari	<link rel="canonical" href="https://indiantrademart.com/directory/search/reso-dynamics/andhra-pradesh/west-godavari/akividu" />	Reso Dynamics Akividu, West Godavari supplier, Andhra Pradesh industrial supplier, verified company	LocalBusiness, Organization, BreadcrumbList, ContactPoint, PostalAddress
153	https://indiantrademart.com/directory/search/transparent-bopp-tape-50-mm-36-micron/odisha/kendujhar/kendujhar-sadar		Transparent BOPP Tape 50mm 36 Micron Suppliers in Kendujhar Sadar | ITM	Find verified Transparent BOPP Tape 50mm 36 Micron manufacturers and suppliers in Kendujhar Sadar, Odisha. Request quotations today.	Transparent BOPP Tape 50mm 36 Micron Suppliers in Kendujhar Sadar	<link rel="canonical" href="https://indiantrademart.com/directory/search/transparent-bopp-tape-50-mm-36-micron/odisha/kendujhar/kendujhar-sadar" />	transparent BOPP tape, 50mm BOPP tape, 36 micron tape, Kendujhar Sadar suppliers, packaging tape Odisha	Product, CollectionPage, BreadcrumbList, Organization
154	https://indiantrademart.com/directory/search/reso-dynamics/karnataka/dakshina-kannada/puttur		Reso Dynamics in Puttur | Indian Trade Mart	Discover verified Reso Dynamics suppliers and businesses in Puttur, Dakshina Kannada, Karnataka. Compare products and services.	Reso Dynamics in Puttur, Dakshina Kannada	<link rel="canonical" href="https://indiantrademart.com/directory/search/reso-dynamics/karnataka/dakshina-kannada/puttur" />	Reso Dynamics Puttur, Dakshina Kannada supplier, Karnataka industrial supplier, verified business listing	LocalBusiness, Organization, BreadcrumbList, ContactPoint, PostalAddress
155	https://indiantrademart.com/directory/search/climate-air-solution/telangana/warangal/sangam		Climate Air Solution in Sangam | Indian Trade Mart	Find verified Climate Air Solution providers in Sangam, Warangal, Telangana. Explore HVAC products, air conditioning services, and contact details.	Climate Air Solution in Sangam, Warangal	<link rel="canonical" href="https://indiantrademart.com/directory/search/climate-air-solution/telangana/warangal/sangam" />	Climate Air Solution, HVAC services Sangam, air conditioning supplier Warangal, cooling solutions Telangana	LocalBusiness, Service, Organization, BreadcrumbList, ContactPoint
156	https://indiantrademart.com/directory/search/reso-dynamics/odisha/jharsuguda/laikera		Reso Dynamics in Laikera | Indian Trade Mart	Browse verified Reso Dynamics businesses in Laikera, Jharsuguda, Odisha. View products, services, and supplier details.	Reso Dynamics in Laikera, Jharsuguda	<link rel="canonical" href="https://indiantrademart.com/directory/search/reso-dynamics/odisha/jharsuguda/laikera" />	Reso Dynamics Laikera, Jharsuguda supplier, Odisha industrial supplier, verified company	LocalBusiness, Organization, BreadcrumbList, ContactPoint, PostalAddress
157	https://indiantrademart.com/directory/search/reso-dynamics/madhya-pradesh/india/madhya-pradesh-narsimhapur		Reso Dynamics in Narsimhapur | Indian Trade Mart	Find verified Reso Dynamics suppliers and businesses in Narsimhapur, Madhya Pradesh. Compare products, services, and contact information.	Reso Dynamics in Narsimhapur, Madhya Pradesh	<link rel="canonical" href="https://indiantrademart.com/directory/search/reso-dynamics/madhya-pradesh/india/madhya-pradesh-narsimhapur" />	Reso Dynamics Narsimhapur, Madhya Pradesh supplier, industrial supplier, verified business listing	LocalBusiness, Organization, BreadcrumbList, ContactPoint, PostalAddress, WebPage
158	https://indiantrademart.com/directory/search/transparent-bopp-tape-50-mm-36-micron/gujarat/banas-kantha/bhabhar		Transparent BOPP Tape 50mm 36 Micron Suppliers in Bhabhar | ITM	Discover verified Transparent BOPP Tape 50mm 36 Micron manufacturers and suppliers in Bhabhar, Gujarat. Compare products and request quotes.	Transparent BOPP Tape 50mm 36 Micron Suppliers in Bhabhar	<link rel="canonical" href="https://indiantrademart.com/directory/search/transparent-bopp-tape-50-mm-36-micron/gujarat/banas-kantha/bhabhar" />	transparent BOPP tape, 50mm BOPP tape, packaging tape suppliers, Bhabhar Gujarat, adhesive tape manufacturers	Product, CollectionPage, BreadcrumbList, Organization
159	https://indiantrademart.com/directory/search/reso-dynamics/odisha/cuttack/salepur		Reso Dynamics in Salepur | Indian Trade Mart	Explore verified Reso Dynamics businesses in Salepur, Cuttack, Odisha. Compare products, services, and supplier profiles.	Reso Dynamics in Salepur, Cuttack	<link rel="canonical" href="https://indiantrademart.com/directory/search/reso-dynamics/odisha/cuttack/salepur" />	Reso Dynamics Salepur, Cuttack supplier, Odisha industrial supplier, verified business directory	LocalBusiness, Organization, BreadcrumbList, ContactPoint, PostalAddress
160	https://indiantrademart.com/directory/search/reso-dynamics/andhra-pradesh/anantapur/narpala		Reso Dynamics in Narpala | Indian Trade Mart	Find verified Reso Dynamics suppliers and businesses in Narpala, Anantapur, Andhra Pradesh. Explore products, services, and contact details.	Reso Dynamics in Narpala, Anantapur	<link rel="canonical" href="https://indiantrademart.com/directory/search/reso-dynamics/andhra-pradesh/anantapur/narpala" />	Reso Dynamics Narpala, Anantapur supplier, Andhra Pradesh industrial supplier, verified business listing	LocalBusiness, Organization, BreadcrumbList, ContactPoint, PostalAddress, WebPage
161	https://indiantrademart.com/directory/marble-granite-and-stones/granite-marble-sandstone-and-others/granite		Granite Manufacturers & Suppliers in India | Indian Trade Mart	Find verified granite manufacturers, suppliers, exporters, and wholesalers across India. Compare granite products, prices, and suppliers.	Granite Manufacturers & Suppliers in India	<link rel="canonical" href="https://indiantrademart.com/directory/marble-granite-and-stones/granite-marble-sandstone-and-others/granite" />	granite suppliers, granite manufacturers, granite exporters, natural stone suppliers, granite dealers India	CollectionPage, ItemList, BreadcrumbList, Organization, FAQPage
162	https://indiantrademart.com/directory/vendor/shivaay-enterprises		Shivaay Enterprises – Verified Supplier | Indian Trade Mart	Explore Shivaay Enterprises business profile, products, services, certifications, and contact details on Indian Trade Mart.	Shivaay Enterprises – Verified Supplier	<link rel="canonical" href="https://indiantrademart.com/directory/vendor/shivaay-enterprises" />	Shivaay Enterprises, verified supplier, business directory India, industrial products supplier	LocalBusiness, Organization, ContactPoint, PostalAddress, BreadcrumbList
163	https://indiantrademart.com/directory/vendor/vishnu-healthcare-systems		Vishnu Healthcare Systems – Medical Equipment Supplier | Indian Trade Mart	Find healthcare equipment, medical devices, and services offered by Vishnu Healthcare Systems. View supplier details and contact information.	Vishnu Healthcare Systems – Verified Healthcare Supplier	<link rel="canonical" href="https://indiantrademart.com/directory/vendor/vishnu-healthcare-systems" />	Vishnu Healthcare Systems, medical equipment supplier, healthcare devices, hospital equipment supplier	LocalBusiness, Organization, MedicalBusiness, ContactPoint, BreadcrumbList
164	https://indiantrademart.com/directory/search/reso-dynamics/odisha/ganjam/dharakote		Reso Dynamics in Dharakote | Indian Trade Mart	Find verified Reso Dynamics suppliers and businesses in Dharakote, Ganjam, Odisha. Explore products, services, and contact details.	Reso Dynamics in Dharakote, Ganjam	<link rel="canonical" href="https://indiantrademart.com/directory/search/reso-dynamics/odisha/ganjam/dharakote" />	Reso Dynamics Dharakote, Ganjam supplier, Odisha industrial supplier, verified business listing	LocalBusiness, Organization, BreadcrumbList, ContactPoint, PostalAddress
165	https://indiantrademart.com/directory/textiles-yarn-and-fabrics/industrial-fabrics-and-textiles		Industrial Fabrics & Textiles Manufacturers | Indian Trade Mart	Discover verified industrial fabrics and textile manufacturers, suppliers, and exporters across India. Compare products and request quotes.	Industrial Fabrics & Textiles Manufacturers & Suppliers	<link rel="canonical" href="https://indiantrademart.com/directory/textiles-yarn-and-fabrics/industrial-fabrics-and-textiles" />	industrial fabrics, industrial textiles, textile manufacturers, technical textiles, textile suppliers India	CollectionPage, ItemList, BreadcrumbList, Organization, FAQPage
166	https://indiantrademart.com/directory/textiles-yarn-and-fabrics/industrial-fabrics-and-textiles/		Industrial Fabrics & Textiles Manufacturers | Indian Trade Mart	Find trusted industrial fabric and textile suppliers across India. Compare products, specifications, and suppliers.	Industrial Fabrics & Textiles Manufacturers & Suppliers	<link rel="canonical" href="https://indiantrademart.com/directory/textiles-yarn-and-fabrics/industrial-fabrics-and-textiles/" />	industrial fabrics suppliers, textile products, technical fabrics, industrial textile manufacturers	CollectionPage, ItemList, BreadcrumbList, Organization, FAQPage
167	https://indiantrademart.com/directory/chemicals-dyes-and-solvents/leather-chemicals/		Leather Chemical Manufacturers & Suppliers | Indian Trade Mart	Find verified leather chemical manufacturers, suppliers, exporters, and wholesalers in India. Compare products and request quotations.	Leather Chemical Manufacturers & Suppliers in India	<link rel="canonical" href="https://indiantrademart.com/directory/chemicals-dyes-and-solvents/leather-chemicals/" />	leather chemicals, leather processing chemicals, tanning chemicals, leather chemical suppliers India	CollectionPage, ItemList, BreadcrumbList, Organization, FAQPage
168	https://indiantrademart.com/directory/city/wokha		Businesses in Wokha, Nagaland | Indian Trade Mart	Explore verified manufacturers, suppliers, traders, and service providers in Wokha, Nagaland. Find local business listings and contact details.	Business Directory of Wokha, Nagaland	<link rel="canonical" href="https://indiantrademart.com/directory/city/wokha" />	Wokha business directory, suppliers in Wokha, manufacturers in Nagaland, local businesses Wokha	CollectionPage, LocalBusiness, BreadcrumbList, Organization, WebPage
169	https://indiantrademart.com/directory/mechanical-parts-and-spares/hydraulic-and-pneumatic-cylinders/multistage-cylinder		Multistage Cylinder Manufacturers & Suppliers | Indian Trade Mart	Discover verified multistage cylinder manufacturers, suppliers, and exporters in India. Compare hydraulic and pneumatic cylinder products.	Multistage Cylinder Manufacturers & Suppliers in India	<link rel="canonical" href="https://indiantrademart.com/directory/mechanical-parts-and-spares/hydraulic-and-pneumatic-cylinders/multistage-cylinder" />	multistage cylinder, hydraulic cylinder, pneumatic cylinder, cylinder manufacturers India	CollectionPage, ItemList, BreadcrumbList, Organization, FAQPage
170	https://indiantrademart.com/directory/mechanical-parts-and-spares/hydraulic-and-pneumatic-cylinders/multistage-cylinder/		Multistage Cylinder Manufacturers & Suppliers | Indian Trade Mart	Find trusted multistage cylinder manufacturers and suppliers across India. Compare hydraulic cylinder specifications and suppliers.	Multistage Cylinder Manufacturers & Suppliers in India	<link rel="canonical" href="https://indiantrademart.com/directory/mechanical-parts-and-spares/hydraulic-and-pneumatic-cylinders/multistage-cylinder/" />	multistage cylinders, hydraulic cylinders, pneumatic cylinders, industrial cylinder suppliers	CollectionPage, ItemList, BreadcrumbList, Organization, FAQPage
171	https://indiantrademart.com/directory/vendor/sai-savali-infrastructure		Sai Savali Infrastructure – Verified Supplier | Indian Trade Mart	Explore Sai Savali Infrastructure's business profile, products, services, company information, and contact details on Indian Trade Mart.	Sai Savali Infrastructure – Verified Supplier	<link rel="canonical" href="https://indiantrademart.com/directory/vendor/sai-savali-infrastructure" />	Sai Savali Infrastructure, infrastructure company, verified supplier, construction supplier India, business listing	LocalBusiness, Organization, ContactPoint, PostalAddress, BreadcrumbList, WebPage
172	https://indiantrademart.com/directory/handicrafts-and-decoratives/smoking-pipes-chillums-and-hookah/herb-grinders/		Herb Grinder Manufacturers & Suppliers | Indian Trade Mart	Find verified herb grinder manufacturers, suppliers, wholesalers, and exporters in India. Compare quality products and request quotes.	Herb Grinder Manufacturers & Suppliers in India	<link rel="canonical" href="https://indiantrademart.com/directory/handicrafts-and-decoratives/smoking-pipes-chillums-and-hookah/herb-grinders/" />	herb grinders, herb grinder manufacturers, smoking accessories, metal herb grinders, herb grinder suppliers India	CollectionPage, ItemList, BreadcrumbList, Organization, FAQPage
173	https://indiantrademart.com/directory/search/uniforms/rajasthan/kota/ramganj-mandi		Uniform Suppliers in Ramganj Mandi | Indian Trade Mart	Find verified uniform manufacturers, wholesalers, and suppliers in Ramganj Mandi, Kota, Rajasthan. Compare products and request quotes.	Uniform Suppliers in Ramganj Mandi, Kota	<link rel="canonical" href="https://indiantrademart.com/directory/search/uniforms/rajasthan/kota/ramganj-mandi" />	uniform suppliers Ramganj Mandi, school uniforms, industrial uniforms, workwear suppliers Rajasthan	LocalBusiness, CollectionPage, BreadcrumbList, Organization, WebPage
174	https://indiantrademart.com/directory/bicycle-rickshaw-and-spares/tyres-and-tube/two-wheeler-tyres		Two Wheeler Tyre Manufacturers & Suppliers | Indian Trade Mart	Discover verified two wheeler tyre manufacturers, suppliers, dealers, and wholesalers across India. Compare products and prices.	Two Wheeler Tyre Manufacturers & Suppliers in India	<link rel="canonical" href="https://indiantrademart.com/directory/bicycle-rickshaw-and-spares/tyres-and-tube/two-wheeler-tyres" />	two wheeler tyres, bike tyre manufacturers, motorcycle tyres, tyre suppliers India, automotive tyres	CollectionPage, ItemList, BreadcrumbList, Organization, FAQPage
175	https://indiantrademart.com/directory/bicycle-rickshaw-and-spares/tyres-and-tube/two-wheeler-tyres/		Two Wheeler Tyre Manufacturers & Suppliers | Indian Trade Mart	Browse trusted two wheeler tyre manufacturers and suppliers across India. Compare tyre specifications and request quotations.	Two Wheeler Tyre Manufacturers & Suppliers in India	<link rel="canonical" href="https://indiantrademart.com/directory/bicycle-rickshaw-and-spares/tyres-and-tube/two-wheeler-tyres/" />	two wheeler tyres, motorcycle tyre suppliers, bike tyres India, tyre wholesalers, automotive tyre manufacturers	CollectionPage, ItemList, BreadcrumbList, Organization, FAQPage
176	https://indiantrademart.com/directory/industrial-supplies/seals-oil-seals-and-industrial-seals/wiper-seals		Wiper Seal Manufacturers & Suppliers | Indian Trade Mart	Find verified wiper seal manufacturers, suppliers, exporters, and wholesalers across India. Compare industrial sealing solutions.	Wiper Seal Manufacturers & Suppliers in India	<link rel="canonical" href="https://indiantrademart.com/directory/industrial-supplies/seals-oil-seals-and-industrial-seals/wiper-seals" />	wiper seals, industrial seals, hydraulic wiper seals, oil seal manufacturers, seal suppliers India	CollectionPage, ItemList, BreadcrumbList, Organization, FAQPage
177	https://indiantrademart.com/directory/industrial-supplies/seals-oil-seals-and-industrial-seals/wiper-seals/		Wiper Seal Manufacturers & Suppliers | Indian Trade Mart	Explore trusted wiper seal manufacturers and suppliers in India. Compare hydraulic and industrial sealing products.	Wiper Seal Manufacturers & Suppliers in India	<link rel="canonical" href="https://indiantrademart.com/directory/industrial-supplies/seals-oil-seals-and-industrial-seals/wiper-seals/" />	wiper seals, hydraulic seals, industrial sealing products, oil seal suppliers, sealing solutions India	CollectionPage, ItemList, BreadcrumbList, Organization, FAQPage
178	https://indiantrademart.com/directory/search/tra-power-diamond-blade/odisha/jagatsinghapur/paradipgarh		TRA Power Diamond Blade Suppliers in Paradipgarh | Indian Trade Mart	Find verified TRA Power Diamond Blade manufacturers and suppliers in Paradipgarh, Jagatsinghapur, Odisha. Request quotations today.	TRA Power Diamond Blade Suppliers in Paradipgarh	<link rel="canonical" href="https://indiantrademart.com/directory/search/tra-power-diamond-blade/odisha/jagatsinghapur/paradipgarh" />	TRA Power Diamond Blade, diamond blade suppliers, cutting blade manufacturers, Paradipgarh suppliers, Odisha industrial tools	Product, LocalBusiness, BreadcrumbList, Organization
179	https://indiantrademart.com/directory/search/personal-gym-training/maharashtra/gondiya/deori		Personal Gym Training in Deori | Indian Trade Mart	Find certified personal gym trainers and fitness coaches in Deori, Gondiya, Maharashtra. Compare training services and contact professionals.	Personal Gym Training in Deori, Gondiya	<link rel="canonical" href="https://indiantrademart.com/directory/search/personal-gym-training/maharashtra/gondiya/deori" />	personal gym trainer Deori, fitness trainer Gondiya, personal fitness coaching, gym instructor Maharashtra	Service, LocalBusiness, BreadcrumbList, Organization, FAQPage
180	https://indiantrademart.com/product/fytocare-softgel-capsuoles-10-10-pride-pharma		Fytocare Softgel Capsules 10x10 – Pride Pharma | Indian Trade Mart	Explore Fytocare Softgel Capsules 10x10 by Pride Pharma. View product specifications, supplier details, and request a quote.	Fytocare Softgel Capsules 10x10 – Pride Pharma	<link rel="canonical" href="https://indiantrademart.com/product/fytocare-softgel-capsuoles-10-10-pride-pharma" />	Fytocare Softgel Capsules, Pride Pharma, softgel capsules, pharmaceutical products, medicine supplier India	Product, Offer, Organization, BreadcrumbList, FAQPage
181	https://indiantrademart.com/directory/books-and-stationery/office-stationery-calculator/tape-dispensers		Tape Dispenser Manufacturers & Suppliers | Indian Trade Mart	Find verified tape dispenser manufacturers, suppliers, wholesalers, and exporters across India. Compare office stationery products and request quotes.	Tape Dispenser Manufacturers & Suppliers in India	<link rel="canonical" href="https://indiantrademart.com/directory/books-and-stationery/office-stationery-calculator/tape-dispensers" />	tape dispenser, tape dispenser manufacturers, office stationery suppliers, adhesive tape dispenser, office supplies India	CollectionPage, ItemList, BreadcrumbList, Organization, FAQPage
182	https://indiantrademart.com/directory/books-and-stationery/office-stationery-calculator/tape-dispensers/		Tape Dispenser Manufacturers & Suppliers | Indian Trade Mart	Discover trusted tape dispenser manufacturers and suppliers across India. Compare office stationery products and get the best quotations.	Tape Dispenser Manufacturers & Suppliers in India	<link rel="canonical" href="https://indiantrademart.com/directory/books-and-stationery/office-stationery-calculator/tape-dispensers/" />	tape dispensers, office stationery, adhesive tape dispenser, office accessories, tape dispenser suppliers	CollectionPage, ItemList, BreadcrumbList, Organization, FAQPage
183	https://indiantrademart.com/directory/search/reso-dynamics/nagaland/zunheboto/satoi		Reso Dynamics in Satoi | Indian Trade Mart	Find verified Reso Dynamics suppliers and businesses in Satoi, Zunheboto, Nagaland. Explore products, services, and contact information.	Reso Dynamics in Satoi, Zunheboto	<link rel="canonical" href="https://indiantrademart.com/directory/search/reso-dynamics/nagaland/zunheboto/satoi" />	Reso Dynamics Satoi, Zunheboto supplier, Nagaland industrial supplier, verified business listing	LocalBusiness, Organization, BreadcrumbList, ContactPoint, PostalAddress
184	https://indiantrademart.com/directory/album-movies-commercial-ads/album-song/hindi-album-song/		Hindi Album Song Services | Indian Trade Mart	Find professional Hindi album song production, recording, music composition, and promotional services from verified providers across India.	Hindi Album Song Services	<link rel="canonical" href="https://indiantrademart.com/directory/album-movies-commercial-ads/album-song/hindi-album-song/" />	Hindi album song, music production services, album recording, music composer, recording studio India	CollectionPage, Service, BreadcrumbList, Organization, FAQPage
185	https://indiantrademart.com/directory/search/niharika-enterprises/karnataka/india/karnataka-chamarajanagar		Niharika Enterprises in Chamarajanagar | Indian Trade Mart	Explore verified Niharika Enterprises listings in Chamarajanagar, Karnataka. View products, services, and supplier contact details.	Niharika Enterprises in Chamarajanagar	<link rel="canonical" href="https://indiantrademart.com/directory/search/niharika-enterprises/karnataka/india/karnataka-chamarajanagar" />	Niharika Enterprises Chamarajanagar, Karnataka supplier, verified business listing, industrial supplier	LocalBusiness, Organization, BreadcrumbList, ContactPoint, PostalAddress
186	https://indiantrademart.com/directory/search/niharika-enterprises/punjab/tarn-taran/khadur-sahib		Niharika Enterprises in Khadur Sahib | Indian Trade Mart	Find verified Niharika Enterprises suppliers in Khadur Sahib, Tarn Taran, Punjab. Compare products, services, and business details.	Niharika Enterprises in Khadur Sahib, Tarn Taran	<link rel="canonical" href="https://indiantrademart.com/directory/search/niharika-enterprises/punjab/tarn-taran/khadur-sahib" />	Niharika Enterprises Khadur Sahib, Tarn Taran supplier, Punjab business directory, verified supplier	LocalBusiness, Organization, BreadcrumbList, ContactPoint, PostalAddress
187	https://indiantrademart.com/directory/search/reso-dynamics/maharashtra/india/bhusawal-jalgaon		Reso Dynamics in Bhusawal, Jalgaon | Indian Trade Mart	Browse verified Reso Dynamics suppliers and businesses in Bhusawal, Jalgaon, Maharashtra. Compare products and services.	Reso Dynamics in Bhusawal, Jalgaon	<link rel="canonical" href="https://indiantrademart.com/directory/search/reso-dynamics/maharashtra/india/bhusawal-jalgaon" />	Reso Dynamics Bhusawal, Jalgaon supplier, Maharashtra industrial supplier, verified company listing	LocalBusiness, Organization, BreadcrumbList, ContactPoint, PostalAddress
188	https://indiantrademart.com/directory/search/reso-dynamics/andhra-pradesh/ntr/vissannapet		Reso Dynamics in Vissannapet | Indian Trade Mart	Discover verified Reso Dynamics businesses in Vissannapet, NTR District, Andhra Pradesh. Find products, services, and supplier details.	Reso Dynamics in Vissannapet, NTR	<link rel="canonical" href="https://indiantrademart.com/directory/search/reso-dynamics/andhra-pradesh/ntr/vissannapet" />	Reso Dynamics Vissannapet, NTR supplier, Andhra Pradesh industrial supplier, verified business listing	LocalBusiness, Organization, BreadcrumbList, ContactPoint, PostalAddress
189	https://indiantrademart.com/directory/search/reso-dynamics/assam/india/assam-barpeta		Reso Dynamics in Barpeta | Indian Trade Mart	Find verified Reso Dynamics suppliers and businesses in Barpeta, Assam. Explore products, services, and company profiles.	Reso Dynamics in Barpeta, Assam	<link rel="canonical" href="https://indiantrademart.com/directory/search/reso-dynamics/assam/india/assam-barpeta" />	Reso Dynamics Barpeta, Assam supplier, industrial supplier Assam, verified business directory	LocalBusiness, Organization, BreadcrumbList, ContactPoint, PostalAddress
190	https://indiantrademart.com/directory/food-and-beverages/snacks-and-namkeen/chocolate-snacks/		Chocolate Snack Manufacturers & Suppliers | Indian Trade Mart	Discover verified chocolate snack manufacturers, suppliers, exporters, and wholesalers across India. Compare products and request quotations.	Chocolate Snack Manufacturers & Suppliers in India	<link rel="canonical" href="https://indiantrademart.com/directory/food-and-beverages/snacks-and-namkeen/chocolate-snacks/" />	chocolate snacks, chocolate snack manufacturers, chocolate food products, snack suppliers India, confectionery manufacturers	CollectionPage, ItemList, BreadcrumbList, Organization, FAQPage
191	https://indiantrademart.com/directory/search/niharika-enterprises/odisha/dhenkanal/bhuban		Niharika Enterprises in Bhuban | Indian Trade Mart	Find verified Niharika Enterprises in Bhuban, Dhenkanal, Odisha. Explore products, services, business profile, and contact details.	Niharika Enterprises in Bhuban, Dhenkanal	<link rel="canonical" href="https://indiantrademart.com/directory/search/niharika-enterprises/odisha/dhenkanal/bhuban" />	Niharika Enterprises Bhuban, Dhenkanal supplier, Odisha business listing, verified supplier, industrial products	LocalBusiness, Organization, BreadcrumbList, ContactPoint, PostalAddress, WebPage
192	https://indiantrademart.com/directory/search/pm-tools-and-abrasives-diamond-core-drill-bit-10-mm/telangana/rangareddy/manchal		Diamond Core Drill Bit 10mm Suppliers in Manchal | ITM	Find verified Diamond Core Drill Bit 10mm manufacturers and suppliers in Manchal, Telangana. Compare products and request quotations.	Diamond Core Drill Bit 10mm Suppliers in Manchal	<link rel="canonical" href="https://indiantrademart.com/directory/search/pm-tools-and-abrasives-diamond-core-drill-bit-10-mm/telangana/rangareddy/manchal" />	diamond core drill bit 10mm, PM Tools and Abrasives, Manchal suppliers, Telangana drill bit manufacturers, industrial tools	Product, CollectionPage, BreadcrumbList, Organization, WebPage
193	https://indiantrademart.com/directory/search/reso-dynamics/madhya-pradesh/seoni/dhanora		Reso Dynamics in Dhanora | Indian Trade Mart	Browse verified Reso Dynamics suppliers and businesses in Dhanora, Seoni, Madhya Pradesh. View products and contact details.	Reso Dynamics in Dhanora, Seoni	<link rel="canonical" href="https://indiantrademart.com/directory/search/reso-dynamics/madhya-pradesh/seoni/dhanora" />	Reso Dynamics Dhanora, Seoni supplier, Madhya Pradesh industrial supplier, verified business listing	LocalBusiness, Organization, BreadcrumbList, ContactPoint, PostalAddress
194	https://indiantrademart.com/directory/search/reso-dynamics/gujarat/gandhinagar/dehgam		Reso Dynamics in Dehgam | Indian Trade Mart	Discover verified Reso Dynamics businesses in Dehgam, Gandhinagar, Gujarat. Compare products, services, and company information.	Reso Dynamics in Dehgam, Gandhinagar	<link rel="canonical" href="https://indiantrademart.com/directory/search/reso-dynamics/gujarat/gandhinagar/dehgam" />	Reso Dynamics Dehgam, Gandhinagar supplier, Gujarat industrial supplier, verified company	LocalBusiness, Organization, BreadcrumbList, ContactPoint, PostalAddress
195	https://indiantrademart.com/directory/search/reso-dynamics/odisha/khordha/sijua		Reso Dynamics in Sijua | Indian Trade Mart	Find verified Reso Dynamics suppliers and businesses in Sijua, Khordha, Odisha. Explore products, services, and contact information.	Reso Dynamics in Sijua, Khordha	<link rel="canonical" href="https://indiantrademart.com/directory/search/reso-dynamics/odisha/khordha/sijua" />	Reso Dynamics Sijua, Khordha supplier, Odisha industrial supplier, verified business directory	LocalBusiness, Organization, BreadcrumbList, ContactPoint, PostalAddress
196	https://indiantrademart.com/directory/search/reso-dynamics/karnataka/gadag/nargund		Reso Dynamics in Nargund | Indian Trade Mart	Explore verified Reso Dynamics suppliers and businesses in Nargund, Gadag, Karnataka. View company profile and products.	Reso Dynamics in Nargund, Gadag	<link rel="canonical" href="https://indiantrademart.com/directory/search/reso-dynamics/karnataka/gadag/nargund" />	Reso Dynamics Nargund, Gadag supplier, Karnataka industrial supplier, verified business listing	LocalBusiness, Organization, BreadcrumbList, ContactPoint, PostalAddress
197	https://indiantrademart.com/directory/search/lease-agreement-drafting/telangana/mancherial/luxettipet		Lease Agreement Drafting Services in Luxettipet | ITM	Find trusted lease agreement drafting experts in Luxettipet, Telangana. Compare verified legal professionals and request assistance.	Lease Agreement Drafting Services in Luxettipet	<link rel="canonical" href="https://indiantrademart.com/directory/search/lease-agreement-drafting/telangana/mancherial/luxettipet" />	lease agreement drafting, legal drafting services, Luxettipet lawyer, rental agreement, legal documentation Telangana	Service, LocalBusiness, FAQPage, BreadcrumbList, Organization
198	https://indiantrademart.com/directory/search/reso-dynamics/bihar/india/munger		Reso Dynamics in Munger | Indian Trade Mart	Browse verified Reso Dynamics suppliers and businesses in Munger, Bihar. Compare products, services, and business profiles.	Reso Dynamics in Munger, Bihar	<link rel="canonical" href="https://indiantrademart.com/directory/search/reso-dynamics/bihar/india/munger" />	Reso Dynamics Munger, Bihar supplier, industrial supplier Bihar, verified business listing	LocalBusiness, Organization, BreadcrumbList, ContactPoint, PostalAddress, WebPage
199	https://indiantrademart.com/directory/search/adnic-abrasive/andhra-pradesh/west-godavari/attili		Adnic Abrasive Suppliers in Attili | Indian Trade Mart	Find verified Adnic Abrasive suppliers in Attili, West Godavari. Explore products, specifications, and business contact details.	Adnic Abrasive Suppliers in Attili	<link rel="canonical" href="https://indiantrademart.com/directory/search/adnic-abrasive/andhra-pradesh/west-godavari/attili" />	Adnic Abrasive, abrasive supplier Attili, West Godavari abrasives, grinding abrasives, industrial abrasives	Product, LocalBusiness, BreadcrumbList, Organization
200	https://indiantrademart.com/directory/industrial-plants-and-machinery/testing-and-measuring-equipments/textile-testing-equipment		Textile Testing Equipment Manufacturers & Suppliers | Indian Trade Mart	Discover verified textile testing equipment manufacturers, suppliers, exporters, and wholesalers across India. Compare products and request quotes.	Textile Testing Equipment Manufacturers & Suppliers in India	<link rel="canonical" href="https://indiantrademart.com/directory/industrial-plants-and-machinery/testing-and-measuring-equipments/textile-testing-equipment" />	textile testing equipment, textile testing machine, testing equipment manufacturers, textile laboratory equipment, textile testing instruments	CollectionPage, ItemList, BreadcrumbList, Organization, WebPage, FAQPage
201	https://indiantrademart.com/directory/industrial-plants-and-machinery/testing-and-measuring-equipments/textile-testing-equipment/		Textile Testing Equipment Manufacturers & Suppliers | Indian Trade Mart	Find verified textile testing equipment manufacturers, suppliers, exporters, and wholesalers across India. Compare products and request quotes.	Textile Testing Equipment Manufacturers & Suppliers in India	<link rel="canonical" href="https://indiantrademart.com/directory/industrial-plants-and-machinery/testing-and-measuring-equipments/textile-testing-equipment/" />	textile testing equipment, textile testing machines, textile testing instruments, textile laboratory equipment, testing equipment suppliers	CollectionPage, ItemList, BreadcrumbList, Organization, WebPage, FAQPage
202	https://indiantrademart.com/directory/construction-materials-and-machines/steel-pipes-and-tubes/ms-pipe		MS Pipe Manufacturers & Suppliers | Indian Trade Mart	Discover verified MS pipe manufacturers, suppliers, wholesalers, and exporters across India. Compare products and request quotations.	MS Pipe Manufacturers & Suppliers in India	<link rel="canonical" href="https://indiantrademart.com/directory/construction-materials-and-machines/steel-pipes-and-tubes/ms-pipe" />	MS pipe, mild steel pipe, MS pipe manufacturers, steel pipe suppliers, construction pipes, industrial steel pipes	CollectionPage, ItemList, BreadcrumbList, Organization, WebPage, FAQPage
203	https://indiantrademart.com/directory/construction-materials-and-machines/steel-pipes-and-tubes/ms-pipe/		MS Pipe Manufacturers & Suppliers | Indian Trade Mart	Find trusted MS pipe manufacturers, suppliers, exporters, and wholesalers across India. Compare specifications and prices.	MS Pipe Manufacturers & Suppliers in India	<link rel="canonical" href="https://indiantrademart.com/directory/construction-materials-and-machines/steel-pipes-and-tubes/ms-pipe/" />	MS pipe suppliers, mild steel pipes, steel pipe manufacturers, construction steel pipes, industrial pipes	CollectionPage, ItemList, BreadcrumbList, Organization, WebPage, FAQPage
204	https://indiantrademart.com/directory/search/reso-dynamics/arunachal-pradesh/namsai/lathao		Reso Dynamics in Lathao | Indian Trade Mart	Browse verified Reso Dynamics suppliers and businesses in Lathao, Namsai, Arunachal Pradesh. View products and contact details.	Reso Dynamics in Lathao, Namsai	<link rel="canonical" href="https://indiantrademart.com/directory/search/reso-dynamics/arunachal-pradesh/namsai/lathao" />	Reso Dynamics Lathao, Namsai supplier, Arunachal Pradesh industrial supplier, verified business listing	LocalBusiness, Organization, BreadcrumbList, ContactPoint, PostalAddress, WebPage
205	https://indiantrademart.com/directory/search/reso-dynamics/nagaland/mon/phomching		Reso Dynamics in Phomching | Indian Trade Mart	Find verified Reso Dynamics suppliers and businesses in Phomching, Mon, Nagaland. Explore products, services, and company information.	Reso Dynamics in Phomching, Mon	<link rel="canonical" href="https://indiantrademart.com/directory/search/reso-dynamics/nagaland/mon/phomching" />	Reso Dynamics Phomching, Mon supplier, Nagaland industrial supplier, verified company listing	LocalBusiness, Organization, BreadcrumbList, ContactPoint, PostalAddress
206	https://indiantrademart.com/directory/search/a-s-traders/jammu-and-kashmir/india/jammu-and-kashmir-baramulla		A S Traders in Baramulla | Indian Trade Mart	Discover verified A S Traders in Baramulla, Jammu & Kashmir. View products, services, business profile, and contact information.	A S Traders in Baramulla	<link rel="canonical" href="https://indiantrademart.com/directory/search/a-s-traders/jammu-and-kashmir/india/jammu-and-kashmir-baramulla" />	A S Traders Baramulla, Jammu Kashmir supplier, verified business, industrial supplier, business directory	LocalBusiness, Organization, BreadcrumbList, ContactPoint, PostalAddress, WebPage
207	https://indiantrademart.com/directory/industrial-plants-and-machinery/oxygen-and-nitrogen-gas-plants/gas-plants		Gas Plant Manufacturers & Suppliers | Indian Trade Mart	Find verified gas plant manufacturers, suppliers, exporters, and wholesalers across India. Compare oxygen and nitrogen gas plant solutions.	Gas Plant Manufacturers & Suppliers in India	<link rel="canonical" href="https://indiantrademart.com/directory/industrial-plants-and-machinery/oxygen-and-nitrogen-gas-plants/gas-plants" />	gas plants, oxygen gas plants, nitrogen gas plants, industrial gas plants, gas plant manufacturers, gas plant suppliers	CollectionPage, ItemList, BreadcrumbList, Organization, WebPage, FAQPage
208	https://indiantrademart.com/directory/search/reso-dynamics/andhra-pradesh/anakapalli/butchayyapeta		Reso Dynamics in Butchayyapeta | Indian Trade Mart	Browse verified Reso Dynamics suppliers and businesses in Butchayyapeta, Anakapalli. Explore products and contact information.	Reso Dynamics in Butchayyapeta, Anakapalli	<link rel="canonical" href="https://indiantrademart.com/directory/search/reso-dynamics/andhra-pradesh/anakapalli/butchayyapeta" />	Reso Dynamics Butchayyapeta, Anakapalli supplier, Andhra Pradesh industrial supplier, verified business	LocalBusiness, Organization, BreadcrumbList, ContactPoint, PostalAddress
209	https://indiantrademart.com/directory/search/reso-dynamics/maharashtra/sindhudurg/sawantwadi		Reso Dynamics in Sawantwadi | Indian Trade Mart	Find verified Reso Dynamics businesses in Sawantwadi, Sindhudurg, Maharashtra. Compare products, services, and business details.	Reso Dynamics in Sawantwadi, Sindhudurg	<link rel="canonical" href="https://indiantrademart.com/directory/search/reso-dynamics/maharashtra/sindhudurg/sawantwadi" />	Reso Dynamics Sawantwadi, Sindhudurg supplier, Maharashtra industrial supplier, verified business listing	LocalBusiness, Organization, BreadcrumbList, ContactPoint, PostalAddress
210	https://indiantrademart.com/directory/vendor/seed-vendor-0009-666		Seed Vendor 0009-666 – Verified Supplier | Indian Trade Mart	Explore the profile of Seed Vendor 0009-666. View business information, products, contact details, and connect with a verified supplier.	Seed Vendor 0009-666 – Verified Supplier	<link rel="canonical" href="https://indiantrademart.com/directory/vendor/seed-vendor-0009-666" />	Seed Vendor 0009-666, seed supplier, agriculture products, verified vendor, Indian Trade Mart supplier	LocalBusiness, Organization, ContactPoint, PostalAddress, BreadcrumbList, WebPage
211	https://indiantrademart.com/directory/books-and-stationery/presentation-boards-accessories/whiteboard		Whiteboard Manufacturers & Suppliers | Indian Trade Mart	Find verified whiteboard manufacturers, suppliers, wholesalers, and exporters across India. Compare products, specifications, and request quotes.	Whiteboard Manufacturers & Suppliers in India	<link rel="canonical" href="https://indiantrademart.com/directory/books-and-stationery/presentation-boards-accessories/whiteboard" />	whiteboard, whiteboard manufacturers, whiteboard suppliers, magnetic whiteboard, office whiteboards, classroom whiteboards	CollectionPage, ItemList, BreadcrumbList, Organization, WebPage, FAQPage
212	https://indiantrademart.com/directory/books-and-stationery/presentation-boards-accessories/whiteboard/		Whiteboard Manufacturers & Suppliers | Indian Trade Mart	Discover trusted whiteboard manufacturers, suppliers, and exporters across India. Compare products and connect with verified businesses.	Whiteboard Manufacturers & Suppliers in India	<link rel="canonical" href="https://indiantrademart.com/directory/books-and-stationery/presentation-boards-accessories/whiteboard/" />	whiteboard suppliers, magnetic whiteboards, classroom whiteboards, office boards, presentation boards	CollectionPage, ItemList, BreadcrumbList, Organization, WebPage, FAQPage
213	https://indiantrademart.com/directory/search/lease-agreement-drafting/karnataka/hassan/belur		Lease Agreement Drafting Services in Belur | Indian Trade Mart	Find trusted lease agreement drafting services in Belur, Hassan. Compare verified legal professionals and request expert assistance.	Lease Agreement Drafting Services in Belur, Hassan	<link rel="canonical" href="https://indiantrademart.com/directory/search/lease-agreement-drafting/karnataka/hassan/belur" />	lease agreement drafting Belur, rental agreement services, legal drafting Hassan, property agreement lawyer Karnataka	Service, LocalBusiness, BreadcrumbList, Organization, FAQPage
214	https://indiantrademart.com/directory/search/niharika-enterprises/telangana/khammam/konijerla		Niharika Enterprises in Konijerla | Indian Trade Mart	Find verified Niharika Enterprises in Konijerla, Khammam. Explore products, services, company profile, and contact details.	Niharika Enterprises in Konijerla, Khammam	<link rel="canonical" href="https://indiantrademart.com/directory/search/niharika-enterprises/telangana/khammam/konijerla" />	Niharika Enterprises Konijerla, Khammam supplier, Telangana business directory, verified supplier	LocalBusiness, Organization, BreadcrumbList, ContactPoint, PostalAddress, WebPage
215	https://indiantrademart.com/directory/search/niharika-enterprises/andhra-pradesh/guntur/pedakakani		Niharika Enterprises in Pedakakani | Indian Trade Mart	Browse verified Niharika Enterprises in Pedakakani, Guntur. View products, business details, and connect with the supplier.	Niharika Enterprises in Pedakakani, Guntur	<link rel="canonical" href="https://indiantrademart.com/directory/search/niharika-enterprises/andhra-pradesh/guntur/pedakakani" />	Niharika Enterprises Pedakakani, Guntur supplier, Andhra Pradesh business listing, industrial supplier	LocalBusiness, Organization, BreadcrumbList, ContactPoint, PostalAddress
216	https://indiantrademart.com/directory/search/reso-dynamics/jharkhand/india/jharkhand-jamtara		Reso Dynamics in Jamtara | Indian Trade Mart	Discover verified Reso Dynamics businesses in Jamtara, Jharkhand. Compare products, services, and contact information.	Reso Dynamics in Jamtara, Jharkhand	<link rel="canonical" href="https://indiantrademart.com/directory/search/reso-dynamics/jharkhand/india/jharkhand-jamtara" />	Reso Dynamics Jamtara, Jharkhand supplier, industrial supplier Jamtara, verified business listing	LocalBusiness, Organization, BreadcrumbList, ContactPoint, PostalAddress, WebPage
217	https://indiantrademart.com/directory/search/reso-dynamics/madhya-pradesh/satna/maihar		Reso Dynamics in Maihar | Indian Trade Mart	Find verified Reso Dynamics suppliers and businesses in Maihar, Satna. Explore products, services, and company information.	Reso Dynamics in Maihar, Satna	<link rel="canonical" href="https://indiantrademart.com/directory/search/reso-dynamics/madhya-pradesh/satna/maihar" />	Reso Dynamics Maihar, Satna supplier, Madhya Pradesh industrial supplier, verified business	LocalBusiness, Organization, BreadcrumbList, ContactPoint, PostalAddress
218	https://indiantrademart.com/directory/search/reso-dynamics/nagaland/mon/angjangyang		Reso Dynamics in Angjangyang | Indian Trade Mart	Browse verified Reso Dynamics businesses in Angjangyang, Mon, Nagaland. Compare products, services, and supplier details.	Reso Dynamics in Angjangyang, Mon	<link rel="canonical" href="https://indiantrademart.com/directory/search/reso-dynamics/nagaland/mon/angjangyang" />	Reso Dynamics Angjangyang, Mon supplier, Nagaland industrial supplier, verified business directory	LocalBusiness, Organization, BreadcrumbList, ContactPoint, PostalAddress
219	https://indiantrademart.com/directory/industrial-plants-and-machinery/printing-machinery-and-equipment/screen-printing-machines		Screen Printing Machine Manufacturers & Suppliers | Indian Trade Mart	Find verified screen printing machine manufacturers, suppliers, wholesalers, and exporters across India. Compare machines and request quotes.	Screen Printing Machine Manufacturers & Suppliers in India	<link rel="canonical" href="https://indiantrademart.com/directory/industrial-plants-and-machinery/printing-machinery-and-equipment/screen-printing-machines" />	screen printing machine, screen printing machine manufacturers, printing machine suppliers, industrial printing equipment, textile printing machines	CollectionPage, ItemList, BreadcrumbList, Organization, WebPage, FAQPage
220	https://indiantrademart.com/directory/electronics-and-electrical/domestic-fans-ac-and-coolers/inverter-air-conditioners		Inverter Air Conditioner Manufacturers & Suppliers | Indian Trade Mart	Explore verified inverter air conditioner manufacturers, suppliers, wholesalers, and dealers across India. Compare products and request quotes.	Inverter Air Conditioner Manufacturers & Suppliers in India	<link rel="canonical" href="https://indiantrademart.com/directory/electronics-and-electrical/domestic-fans-ac-and-coolers/inverter-air-conditioners" />	inverter air conditioner, inverter AC manufacturers, inverter AC suppliers, energy efficient air conditioner, split inverter AC	CollectionPage, ItemList, BreadcrumbList, Organization, WebPage, FAQPage
221	https://indiantrademart.com/directory/electronics-and-electrical/domestic-fans-ac-and-coolers/inverter-air-conditioners/		Inverter Air Conditioner Manufacturers & Suppliers | Indian Trade Mart	Find verified inverter air conditioner manufacturers, suppliers, wholesalers, and dealers across India. Compare products, specifications, and request quotes.	Inverter Air Conditioner Manufacturers & Suppliers in India	<link rel="canonical" href="https://indiantrademart.com/directory/electronics-and-electrical/domestic-fans-ac-and-coolers/inverter-air-conditioners/" />	inverter air conditioner, inverter AC manufacturers, inverter AC suppliers, split AC, energy efficient air conditioner, cooling solutions	CollectionPage, ItemList, BreadcrumbList, Organization, WebPage, FAQPage
222	https://indiantrademart.com/directory/search/reso-dynamics/andhra-pradesh/prakasam/singarayakonda		Reso Dynamics in Singarayakonda | Indian Trade Mart	Discover verified Reso Dynamics suppliers and businesses in Singarayakonda, Prakasam, Andhra Pradesh. Explore products and contact details.	Reso Dynamics in Singarayakonda, Prakasam	<link rel="canonical" href="https://indiantrademart.com/directory/search/reso-dynamics/andhra-pradesh/prakasam/singarayakonda" />	Reso Dynamics Singarayakonda, Prakasam supplier, Andhra Pradesh industrial supplier, verified business listing	LocalBusiness, Organization, BreadcrumbList, ContactPoint, PostalAddress, WebPage
223	https://indiantrademart.com/directory/search/reso-dynamics/andhra-pradesh/visakhapatnam/padmanabham		Reso Dynamics in Padmanabham | Indian Trade Mart	Browse verified Reso Dynamics suppliers and businesses in Padmanabham, Visakhapatnam. View company profile, products, and contact information.	Reso Dynamics in Padmanabham, Visakhapatnam	<link rel="canonical" href="https://indiantrademart.com/directory/search/reso-dynamics/andhra-pradesh/visakhapatnam/padmanabham" />	Reso Dynamics Padmanabham, Visakhapatnam supplier, Andhra Pradesh business directory, industrial supplier	LocalBusiness, Organization, BreadcrumbList, ContactPoint, PostalAddress
224	https://indiantrademart.com/directory/search/reso-dynamics/maharashtra/nagpur/bhiwapur		Reso Dynamics in Bhiwapur | Indian Trade Mart	Find verified Reso Dynamics businesses in Bhiwapur, Nagpur, Maharashtra. Compare products, services, and supplier details.	Reso Dynamics in Bhiwapur, Nagpur	<link rel="canonical" href="https://indiantrademart.com/directory/search/reso-dynamics/maharashtra/nagpur/bhiwapur" />	Reso Dynamics Bhiwapur, Nagpur supplier, Maharashtra industrial supplier, verified business directory	LocalBusiness, Organization, BreadcrumbList, ContactPoint, PostalAddress
225	https://indiantrademart.com/directory/search/reso-dynamics/maharashtra/bhandara/lakhandur		Reso Dynamics in Lakhandur | Indian Trade Mart	Explore verified Reso Dynamics suppliers and businesses in Lakhandur, Bhandara, Maharashtra. Find products and contact information.	Reso Dynamics in Lakhandur, Bhandara	<link rel="canonical" href="https://indiantrademart.com/directory/search/reso-dynamics/maharashtra/bhandara/lakhandur" />	Reso Dynamics Lakhandur, Bhandara supplier, Maharashtra industrial supplier, verified company listing	LocalBusiness, Organization, BreadcrumbList, ContactPoint, PostalAddress
226	https://indiantrademart.com/directory/search/reso-dynamics/jharkhand/india/jharkhand-godda		Reso Dynamics in Godda | Indian Trade Mart	Browse verified Reso Dynamics suppliers and businesses in Godda, Jharkhand. Compare products, services, and business profiles.	Reso Dynamics in Godda, Jharkhand	<link rel="canonical" href="https://indiantrademart.com/directory/search/reso-dynamics/jharkhand/india/jharkhand-godda" />	Reso Dynamics Godda, Jharkhand supplier, industrial supplier Godda, verified business listing	LocalBusiness, Organization, BreadcrumbList, ContactPoint, PostalAddress, WebPage
227	https://indiantrademart.com/directory/search/reso-dynamics/gujarat/junagadh/manavadar		Reso Dynamics in Manavadar | Indian Trade Mart	Find verified Reso Dynamics suppliers and businesses in Manavadar, Junagadh, Gujarat. View products and company details.	Reso Dynamics in Manavadar, Junagadh	<link rel="canonical" href="https://indiantrademart.com/directory/search/reso-dynamics/gujarat/junagadh/manavadar" />	Reso Dynamics Manavadar, Junagadh supplier, Gujarat industrial supplier, verified business directory	LocalBusiness, Organization, BreadcrumbList, ContactPoint, PostalAddress
228	https://indiantrademart.com/directory/search/uniforms/andhra-pradesh/sri-potti-sriramulu-nellore/chejerla		Uniform Suppliers in Chejerla | Indian Trade Mart	Find verified uniform manufacturers and suppliers in Chejerla, Sri Potti Sriramulu Nellore. Compare products and request quotations.	Uniform Suppliers in Chejerla, Nellore	<link rel="canonical" href="https://indiantrademart.com/directory/search/uniforms/andhra-pradesh/sri-potti-sriramulu-nellore/chejerla" />	uniform suppliers Chejerla, school uniforms, industrial uniforms, workwear suppliers, Nellore uniforms	CollectionPage, LocalBusiness, BreadcrumbList, Organization, WebPage
229	https://indiantrademart.com/directory/industrial-plants-and-machinery/wire-drawing-and-cabling-machines/annealing-machine/		Annealing Machine Manufacturers & Suppliers | Indian Trade Mart	Discover verified annealing machine manufacturers, suppliers, exporters, and wholesalers across India. Compare products and request quotes.	Annealing Machine Manufacturers & Suppliers in India	<link rel="canonical" href="https://indiantrademart.com/directory/industrial-plants-and-machinery/wire-drawing-and-cabling-machines/annealing-machine/" />	annealing machine, annealing machine manufacturers, wire annealing machine, industrial annealing equipment, annealing machine suppliers	CollectionPage, ItemList, BreadcrumbList, Organization, WebPage, FAQPage
230	https://indiantrademart.com/directory/search/surie-polex-magnesite-abrasives/odisha/jagatsinghapur/krushnanandapur		Surie Polex Magnesite Abrasives in Krushnanandapur | Indian Trade Mart	Find verified Surie Polex Magnesite Abrasives suppliers in Krushnanandapur, Jagatsinghapur. Explore products and supplier details.	Surie Polex Magnesite Abrasives in Krushnanandapur	<link rel="canonical" href="https://indiantrademart.com/directory/search/surie-polex-magnesite-abrasives/odisha/jagatsinghapur/krushnanandapur" />	Surie Polex Magnesite Abrasives, Krushnanandapur supplier, Jagatsinghapur abrasives, polishing abrasives, industrial abrasives	LocalBusiness, Organization, BreadcrumbList, ContactPoint, PostalAddress, WebPage